<?xml version="1.0" encoding="utf-8"?>
<feed xmlns="http://www.w3.org/2005/Atom">
  <title>Stay Foolish</title>
  
  <subtitle>记得重启服务</subtitle>
  <link href="/atom.xml" rel="self"/>
  
  <link href="http://yoursite.com/"/>
  <updated>2017-10-10T03:00:04.569Z</updated>
  <id>http://yoursite.com/</id>
  
  <author>
    <name>Helleong</name>
    
  </author>
  
  <generator uri="http://hexo.io/">Hexo</generator>
  
  <entry>
    <title>Hello World 为什么改不了语言！</title>
    <link href="http://yoursite.com/2017/10/10/hello-world/"/>
    <id>http://yoursite.com/2017/10/10/hello-world/</id>
    <published>2017-10-10T01:03:09.688Z</published>
    <updated>2017-10-10T03:00:04.569Z</updated>
    
    <content type="html"><![CDATA[<p>说好的30分钟部署呢？搞了半天才弄好，还有很多功能没有添加<br>md的语法还没学！</p><p>参考这个：<br><a href="http://crazymilk.github.io/2015/12/28/GitHub-Pages-Hexo%E6%90%AD%E5%BB%BA%E5%8D%9A%E5%AE%A2/#more" target="_blank" rel="external">http://crazymilk.github.io/2015/12/28/GitHub-Pages-Hexo%E6%90%AD%E5%BB%BA%E5%8D%9A%E5%AE%A2/#more</a><br><a href="http://theme-next.iissnan.com/theme-settings.html" target="_blank" rel="external">http://theme-next.iissnan.com/theme-settings.html</a></p><h2 id="Quick-Start"><a href="#Quick-Start" class="headerlink" title="Quick Start"></a>Quick Start</h2><h3 id="Create-a-new-post"><a href="#Create-a-new-post" class="headerlink" title="Create a new post"></a>Create a new post</h3><figure class="highlight bash"><table><tr><td class="gutter"><pre><div class="line">1</div></pre></td><td class="code"><pre><div class="line">$ hexo new <span class="string">"My New Post"</span></div></pre></td></tr></table></figure><p>More info: <a href="https://hexo.io/docs/writing.html" target="_blank" rel="external">Writing</a></p><h3 id="Run-server"><a href="#Run-server" class="headerlink" title="Run server"></a>Run server</h3><figure class="highlight bash"><table><tr><td class="gutter"><pre><div class="line">1</div></pre></td><td class="code"><pre><div class="line">$ hexo server</div></pre></td></tr></table></figure><p>More info: <a href="https://hexo.io/docs/server.html" target="_blank" rel="external">Server</a></p><h3 id="Generate-static-files"><a href="#Generate-static-files" class="headerlink" title="Generate static files"></a>Generate static files</h3><figure class="highlight bash"><table><tr><td class="gutter"><pre><div class="line">1</div></pre></td><td class="code"><pre><div class="line">$ hexo generate</div></pre></td></tr></table></figure><p>More info: <a href="https://hexo.io/docs/generating.html" target="_blank" rel="external">Generating</a></p><h3 id="Deploy-to-remote-sites"><a href="#Deploy-to-remote-sites" class="headerlink" title="Deploy to remote sites"></a>Deploy to remote sites</h3><figure class="highlight bash"><table><tr><td class="gutter"><pre><div class="line">1</div></pre></td><td class="code"><pre><div class="line">$ hexo deploy</div></pre></td></tr></table></figure><p>More info: <a href="https://hexo.io/docs/deployment.html" target="_blank" rel="external">Deployment</a></p>]]></content>
    
    <summary type="html">
    
      
      
        &lt;p&gt;说好的30分钟部署呢？搞了半天才弄好，还有很多功能没有添加&lt;br&gt;md的语法还没学！&lt;/p&gt;
&lt;p&gt;参考这个：&lt;br&gt;&lt;a href=&quot;http://crazymilk.github.io/2015/12/28/GitHub-Pages-Hexo%E6%90%AD%E5%B
      
    
    </summary>
    
    
      <category term="日志" scheme="http://yoursite.com/tags/%E6%97%A5%E5%BF%97/"/>
    
  </entry>
  
</feed>
