{"meta":{"version":1,"warehouse":"2.2.0"},"models":{"Asset":[{"_id":"themes/next/source/css/main.styl","path":"css/main.styl","modified":0,"renderable":1},{"_id":"themes/next/source/images/algolia_logo.svg","path":"images/algolia_logo.svg","modified":0,"renderable":1},{"_id":"themes/next/source/images/apple-touch-icon-next.png","path":"images/apple-touch-icon-next.png","modified":0,"renderable":1},{"_id":"themes/next/source/images/cc-by-nc-nd.svg","path":"images/cc-by-nc-nd.svg","modified":0,"renderable":1},{"_id":"themes/next/source/images/cc-by-nc-sa.svg","path":"images/cc-by-nc-sa.svg","modified":0,"renderable":1},{"_id":"themes/next/source/images/cc-by-nc.svg","path":"images/cc-by-nc.svg","modified":0,"renderable":1},{"_id":"themes/next/source/images/cc-by-nd.svg","path":"images/cc-by-nd.svg","modified":0,"renderable":1},{"_id":"themes/next/source/images/avatar.gif","path":"images/avatar.gif","modified":0,"renderable":1},{"_id":"themes/next/source/images/cc-by-sa.svg","path":"images/cc-by-sa.svg","modified":0,"renderable":1},{"_id":"themes/next/source/images/cc-by.svg","path":"images/cc-by.svg","modified":0,"renderable":1},{"_id":"themes/next/source/images/cc-zero.svg","path":"images/cc-zero.svg","modified":0,"renderable":1},{"_id":"themes/next/source/images/favicon-32x32-next.png","path":"images/favicon-32x32-next.png","modified":0,"renderable":1},{"_id":"themes/next/source/images/favicon-16x16.ico","path":"images/favicon-16x16.ico","modified":0,"renderable":1},{"_id":"themes/next/source/images/favicon-32x32.ico","path":"images/favicon-32x32.ico","modified":0,"renderable":1},{"_id":"themes/next/source/images/placeholder.gif","path":"images/placeholder.gif","modified":0,"renderable":1},{"_id":"themes/next/source/images/logo.svg","path":"images/logo.svg","modified":0,"renderable":1},{"_id":"themes/next/source/images/favicon-16x16-next.png","path":"images/favicon-16x16-next.png","modified":0,"renderable":1},{"_id":"themes/next/source/images/loading.gif","path":"images/loading.gif","modified":0,"renderable":1},{"_id":"themes/next/source/images/quote-l.svg","path":"images/quote-l.svg","modified":0,"renderable":1},{"_id":"themes/next/source/images/quote-r.svg","path":"images/quote-r.svg","modified":0,"renderable":1},{"_id":"themes/next/source/images/searchicon.png","path":"images/searchicon.png","modified":0,"renderable":1},{"_id":"themes/next/source/lib/algolia-instant-search/instantsearch.min.css","path":"lib/algolia-instant-search/instantsearch.min.css","modified":0,"renderable":1},{"_id":"themes/next/source/lib/canvas-nest/canvas-nest.min.js","path":"lib/canvas-nest/canvas-nest.min.js","modified":0,"renderable":1},{"_id":"themes/next/source/lib/canvas-ribbon/canvas-ribbon.js","path":"lib/canvas-ribbon/canvas-ribbon.js","modified":0,"renderable":1},{"_id":"themes/next/source/lib/fastclick/LICENSE","path":"lib/fastclick/LICENSE","modified":0,"renderable":1},{"_id":"themes/next/source/lib/fastclick/README.md","path":"lib/fastclick/README.md","modified":0,"renderable":1},{"_id":"themes/next/source/lib/fastclick/bower.json","path":"lib/fastclick/bower.json","modified":0,"renderable":1},{"_id":"themes/next/source/lib/font-awesome/HELP-US-OUT.txt","path":"lib/font-awesome/HELP-US-OUT.txt","modified":0,"renderable":1},{"_id":"themes/next/source/lib/font-awesome/bower.json","path":"lib/font-awesome/bower.json","modified":0,"renderable":1},{"_id":"themes/next/source/lib/needsharebutton/font-embedded.css","path":"lib/needsharebutton/font-embedded.css","modified":0,"renderable":1},{"_id":"themes/next/source/lib/needsharebutton/needsharebutton.css","path":"lib/needsharebutton/needsharebutton.css","modified":0,"renderable":1},{"_id":"themes/next/source/lib/needsharebutton/needsharebutton.js","path":"lib/needsharebutton/needsharebutton.js","modified":0,"renderable":1},{"_id":"themes/next/source/lib/jquery_lazyload/README.md","path":"lib/jquery_lazyload/README.md","modified":0,"renderable":1},{"_id":"themes/next/source/lib/jquery_lazyload/CONTRIBUTING.md","path":"lib/jquery_lazyload/CONTRIBUTING.md","modified":0,"renderable":1},{"_id":"themes/next/source/lib/jquery_lazyload/bower.json","path":"lib/jquery_lazyload/bower.json","modified":0,"renderable":1},{"_id":"themes/next/source/lib/jquery_lazyload/jquery.lazyload.js","path":"lib/jquery_lazyload/jquery.lazyload.js","modified":0,"renderable":1},{"_id":"themes/next/source/lib/jquery_lazyload/jquery.scrollstop.js","path":"lib/jquery_lazyload/jquery.scrollstop.js","modified":0,"renderable":1},{"_id":"themes/next/source/lib/pace/pace-theme-barber-shop.min.css","path":"lib/pace/pace-theme-barber-shop.min.css","modified":0,"renderable":1},{"_id":"themes/next/source/lib/pace/pace-theme-big-counter.min.css","path":"lib/pace/pace-theme-big-counter.min.css","modified":0,"renderable":1},{"_id":"themes/next/source/lib/pace/pace-theme-bounce.min.css","path":"lib/pace/pace-theme-bounce.min.css","modified":0,"renderable":1},{"_id":"themes/next/source/lib/pace/pace-theme-center-atom.min.css","path":"lib/pace/pace-theme-center-atom.min.css","modified":0,"renderable":1},{"_id":"themes/next/source/lib/pace/pace-theme-center-circle.min.css","path":"lib/pace/pace-theme-center-circle.min.css","modified":0,"renderable":1},{"_id":"themes/next/source/lib/pace/pace-theme-center-radar.min.css","path":"lib/pace/pace-theme-center-radar.min.css","modified":0,"renderable":1},{"_id":"themes/next/source/lib/pace/pace-theme-center-simple.min.css","path":"lib/pace/pace-theme-center-simple.min.css","modified":0,"renderable":1},{"_id":"themes/next/source/lib/pace/pace-theme-corner-indicator.min.css","path":"lib/pace/pace-theme-corner-indicator.min.css","modified":0,"renderable":1},{"_id":"themes/next/source/lib/pace/pace-theme-fill-left.min.css","path":"lib/pace/pace-theme-fill-left.min.css","modified":0,"renderable":1},{"_id":"themes/next/source/lib/pace/pace-theme-loading-bar.min.css","path":"lib/pace/pace-theme-loading-bar.min.css","modified":0,"renderable":1},{"_id":"themes/next/source/lib/pace/pace-theme-flash.min.css","path":"lib/pace/pace-theme-flash.min.css","modified":0,"renderable":1},{"_id":"themes/next/source/lib/pace/pace-theme-mac-osx.min.css","path":"lib/pace/pace-theme-mac-osx.min.css","modified":0,"renderable":1},{"_id":"themes/next/source/lib/pace/pace.min.js","path":"lib/pace/pace.min.js","modified":0,"renderable":1},{"_id":"themes/next/source/lib/pace/pace-theme-minimal.min.css","path":"lib/pace/pace-theme-minimal.min.css","modified":0,"renderable":1},{"_id":"themes/next/source/lib/three/canvas_sphere.min.js","path":"lib/three/canvas_sphere.min.js","modified":0,"renderable":1},{"_id":"themes/next/source/lib/three/canvas_lines.min.js","path":"lib/three/canvas_lines.min.js","modified":0,"renderable":1},{"_id":"themes/next/source/lib/three/three-waves.min.js","path":"lib/three/three-waves.min.js","modified":0,"renderable":1},{"_id":"themes/next/source/lib/velocity/bower.json","path":"lib/velocity/bower.json","modified":0,"renderable":1},{"_id":"themes/next/source/lib/velocity/velocity.min.js","path":"lib/velocity/velocity.min.js","modified":0,"renderable":1},{"_id":"themes/next/source/lib/velocity/velocity.ui.min.js","path":"lib/velocity/velocity.ui.min.js","modified":0,"renderable":1},{"_id":"themes/next/source/lib/velocity/velocity.ui.js","path":"lib/velocity/velocity.ui.js","modified":0,"renderable":1},{"_id":"themes/next/source/js/src/algolia-search.js","path":"js/src/algolia-search.js","modified":0,"renderable":1},{"_id":"themes/next/source/js/src/affix.js","path":"js/src/affix.js","modified":0,"renderable":1},{"_id":"themes/next/source/js/src/bootstrap.js","path":"js/src/bootstrap.js","modified":0,"renderable":1},{"_id":"themes/next/source/js/src/exturl.js","path":"js/src/exturl.js","modified":0,"renderable":1},{"_id":"themes/next/source/js/src/hook-duoshuo.js","path":"js/src/hook-duoshuo.js","modified":0,"renderable":1},{"_id":"themes/next/source/js/src/js.cookie.js","path":"js/src/js.cookie.js","modified":0,"renderable":1},{"_id":"themes/next/source/js/src/motion.js","path":"js/src/motion.js","modified":0,"renderable":1},{"_id":"themes/next/source/js/src/post-details.js","path":"js/src/post-details.js","modified":0,"renderable":1},{"_id":"themes/next/source/js/src/scroll-cookie.js","path":"js/src/scroll-cookie.js","modified":0,"renderable":1},{"_id":"themes/next/source/js/src/scrollspy.js","path":"js/src/scrollspy.js","modified":0,"renderable":1},{"_id":"themes/next/source/js/src/utils.js","path":"js/src/utils.js","modified":0,"renderable":1},{"_id":"themes/next/source/lib/jquery/index.js","path":"lib/jquery/index.js","modified":0,"renderable":1},{"_id":"themes/next/source/lib/Han/dist/han.css","path":"lib/Han/dist/han.css","modified":0,"renderable":1},{"_id":"themes/next/source/lib/Han/dist/han.min.js","path":"lib/Han/dist/han.min.js","modified":0,"renderable":1},{"_id":"themes/next/source/lib/Han/dist/han.min.css","path":"lib/Han/dist/han.min.css","modified":0,"renderable":1},{"_id":"themes/next/source/lib/fancybox/source/blank.gif","path":"lib/fancybox/source/blank.gif","modified":0,"renderable":1},{"_id":"themes/next/source/lib/fancybox/source/fancybox_loading.gif","path":"lib/fancybox/source/fancybox_loading.gif","modified":0,"renderable":1},{"_id":"themes/next/source/lib/fancybox/source/fancybox_loading@2x.gif","path":"lib/fancybox/source/fancybox_loading@2x.gif","modified":0,"renderable":1},{"_id":"themes/next/source/lib/fancybox/source/fancybox_overlay.png","path":"lib/fancybox/source/fancybox_overlay.png","modified":0,"renderable":1},{"_id":"themes/next/source/lib/fancybox/source/fancybox_sprite@2x.png","path":"lib/fancybox/source/fancybox_sprite@2x.png","modified":0,"renderable":1},{"_id":"themes/next/source/lib/fancybox/source/fancybox_sprite.png","path":"lib/fancybox/source/fancybox_sprite.png","modified":0,"renderable":1},{"_id":"themes/next/source/lib/fancybox/source/jquery.fancybox.css","path":"lib/fancybox/source/jquery.fancybox.css","modified":0,"renderable":1},{"_id":"themes/next/source/lib/fancybox/source/jquery.fancybox.js","path":"lib/fancybox/source/jquery.fancybox.js","modified":0,"renderable":1},{"_id":"themes/next/source/lib/fancybox/source/jquery.fancybox.pack.js","path":"lib/fancybox/source/jquery.fancybox.pack.js","modified":0,"renderable":1},{"_id":"themes/next/source/lib/fastclick/lib/fastclick.js","path":"lib/fastclick/lib/fastclick.js","modified":0,"renderable":1},{"_id":"themes/next/source/lib/fastclick/lib/fastclick.min.js","path":"lib/fastclick/lib/fastclick.min.js","modified":0,"renderable":1},{"_id":"themes/next/source/lib/font-awesome/css/font-awesome.css","path":"lib/font-awesome/css/font-awesome.css","modified":0,"renderable":1},{"_id":"themes/next/source/lib/font-awesome/css/font-awesome.css.map","path":"lib/font-awesome/css/font-awesome.css.map","modified":0,"renderable":1},{"_id":"themes/next/source/lib/font-awesome/css/font-awesome.min.css","path":"lib/font-awesome/css/font-awesome.min.css","modified":0,"renderable":1},{"_id":"themes/next/source/lib/ua-parser-js/dist/ua-parser.min.js","path":"lib/ua-parser-js/dist/ua-parser.min.js","modified":0,"renderable":1},{"_id":"themes/next/source/lib/ua-parser-js/dist/ua-parser.pack.js","path":"lib/ua-parser-js/dist/ua-parser.pack.js","modified":0,"renderable":1},{"_id":"themes/next/source/js/src/schemes/pisces.js","path":"js/src/schemes/pisces.js","modified":0,"renderable":1},{"_id":"themes/next/source/lib/Han/dist/han.js","path":"lib/Han/dist/han.js","modified":0,"renderable":1},{"_id":"themes/next/source/lib/font-awesome/fonts/fontawesome-webfont.woff2","path":"lib/font-awesome/fonts/fontawesome-webfont.woff2","modified":0,"renderable":1},{"_id":"themes/next/source/lib/font-awesome/fonts/fontawesome-webfont.woff","path":"lib/font-awesome/fonts/fontawesome-webfont.woff","modified":0,"renderable":1},{"_id":"themes/next/source/lib/velocity/velocity.js","path":"lib/velocity/velocity.js","modified":0,"renderable":1},{"_id":"themes/next/source/lib/Han/dist/font/han-space.otf","path":"lib/Han/dist/font/han-space.otf","modified":0,"renderable":1},{"_id":"themes/next/source/lib/Han/dist/font/han.woff","path":"lib/Han/dist/font/han.woff","modified":0,"renderable":1},{"_id":"themes/next/source/lib/Han/dist/font/han.woff2","path":"lib/Han/dist/font/han.woff2","modified":0,"renderable":1},{"_id":"themes/next/source/lib/Han/dist/font/han-space.woff","path":"lib/Han/dist/font/han-space.woff","modified":0,"renderable":1},{"_id":"themes/next/source/lib/Han/dist/font/han.otf","path":"lib/Han/dist/font/han.otf","modified":0,"renderable":1},{"_id":"themes/next/source/lib/fancybox/source/helpers/fancybox_buttons.png","path":"lib/fancybox/source/helpers/fancybox_buttons.png","modified":0,"renderable":1},{"_id":"themes/next/source/lib/fancybox/source/helpers/jquery.fancybox-buttons.css","path":"lib/fancybox/source/helpers/jquery.fancybox-buttons.css","modified":0,"renderable":1},{"_id":"themes/next/source/lib/fancybox/source/helpers/jquery.fancybox-thumbs.css","path":"lib/fancybox/source/helpers/jquery.fancybox-thumbs.css","modified":0,"renderable":1},{"_id":"themes/next/source/lib/fancybox/source/helpers/jquery.fancybox-thumbs.js","path":"lib/fancybox/source/helpers/jquery.fancybox-thumbs.js","modified":0,"renderable":1},{"_id":"themes/next/source/lib/fancybox/source/helpers/jquery.fancybox-buttons.js","path":"lib/fancybox/source/helpers/jquery.fancybox-buttons.js","modified":0,"renderable":1},{"_id":"themes/next/source/lib/fancybox/source/helpers/jquery.fancybox-media.js","path":"lib/fancybox/source/helpers/jquery.fancybox-media.js","modified":0,"renderable":1},{"_id":"themes/next/source/lib/font-awesome/fonts/FontAwesome.otf","path":"lib/font-awesome/fonts/FontAwesome.otf","modified":0,"renderable":1},{"_id":"themes/next/source/lib/font-awesome/fonts/fontawesome-webfont.eot","path":"lib/font-awesome/fonts/fontawesome-webfont.eot","modified":0,"renderable":1},{"_id":"themes/next/source/lib/font-awesome/fonts/fontawesome-webfont.ttf","path":"lib/font-awesome/fonts/fontawesome-webfont.ttf","modified":0,"renderable":1},{"_id":"themes/next/source/lib/algolia-instant-search/instantsearch.min.js","path":"lib/algolia-instant-search/instantsearch.min.js","modified":0,"renderable":1},{"_id":"themes/next/source/lib/three/three.min.js","path":"lib/three/three.min.js","modified":0,"renderable":1},{"_id":"themes/next/source/lib/font-awesome/fonts/fontawesome-webfont.svg","path":"lib/font-awesome/fonts/fontawesome-webfont.svg","modified":0,"renderable":1}],"Cache":[{"_id":"themes/next/.bowerrc","hash":"334da94ca6f024d60d012cc26ea655681e724ad8","modified":1507598834000},{"_id":"themes/next/.editorconfig","hash":"211d2c92bfdddb3e81ea946f4ca7a539f150f4da","modified":1507598834000},{"_id":"themes/next/.gitignore","hash":"b935cc0e5b099ebd343ca1766e02f65138c13dd0","modified":1507598834000},{"_id":"themes/next/.gitattributes","hash":"8454b9313cb1a97b63fb87e2d29daee497ce6249","modified":1507598834000},{"_id":"themes/next/.hound.yml","hash":"289dcf5bfe92dbd680d54d6e0668f41c9c9c0c78","modified":1507598834000},{"_id":"themes/next/.javascript_ignore","hash":"cd250ad74ca22bd2c054476456a73d9687f05f87","modified":1507598834000},{"_id":"themes/next/.jshintrc","hash":"b7d23f2ce8d99fa073f22f9960605f318acd7710","modified":1507598834000},{"_id":"themes/next/.stylintrc","hash":"3b7f9785e9ad0dab764e1c535b40df02f4ff5fd6","modified":1507598834000},{"_id":"themes/next/LICENSE","hash":"ec44503d7e617144909e54533754f0147845f0c5","modified":1507598834000},{"_id":"themes/next/.travis.yml","hash":"6674fbdfe0d0c03b8a04527ffb8ab66a94253acd","modified":1507598834000},{"_id":"themes/next/README.cn.md","hash":"59e323ce21535d561507c9ecc984b7c4dcb61514","modified":1507598834000},{"_id":"themes/next/README.md","hash":"7423256d6e7622434bbfe20c467819687e8e1b27","modified":1507598834000},{"_id":"themes/next/bower.json","hash":"47471a8f13528dc4052b746db5b4be2375682173","modified":1507598834000},{"_id":"themes/next/gulpfile.coffee","hash":"412defab3d93d404b7c26aaa0279e2e586e97454","modified":1507598834000},{"_id":"themes/next/_config.yml","hash":"a1259af0bb8b06072125b65d6893341050d11831","modified":1507606351037},{"_id":"themes/next/package.json","hash":"39370e2aadf1f9a7c105edff064c6e47682b3932","modified":1507598836000},{"_id":"themes/next/package-lock.json","hash":"cc3e9b232005f824a73555ad6568d566b8aae554","modified":1507598836000},{"_id":"source/_posts/hello-world.md","hash":"4448ef4f454ccd4c6fd13600e64376a811b55c9c","modified":1507604404569},{"_id":"source/about/index.md","hash":"aac92dbecee9ba14a4a78de30448211eb78c0291","modified":1507597389688},{"_id":"source/categories/index.md","hash":"6e91484c2284c40279c55a138ab5418fa233eadb","modified":1507597389689},{"_id":"source/tags/index.md","hash":"bd6d91ad747d30032342db8a434f51e32a8ed8a7","modified":1507597389690},{"_id":"source/schedule/index.md","hash":"c56817a9b09620a0344e59576a181a981acb6e7b","modified":1507597389689},{"_id":"themes/next/.github/CONTRIBUTING.md","hash":"5adfad3ef1b870063e621bc0838268eb2c7c697a","modified":1507598834000},{"_id":"themes/next/.github/PULL_REQUEST_TEMPLATE.md","hash":"1228506a940114288d61812bfe60c045a0abeac1","modified":1507598834000},{"_id":"themes/next/.github/browserstack_logo.png","hash":"a6c43887f64a7f48a2814e3714eaa1215e542037","modified":1507598834000},{"_id":"themes/next/.github/ISSUE_TEMPLATE.md","hash":"b1ec000babd42bb7ffd26f5ad8aac9b5bec79ae5","modified":1507598834000},{"_id":"themes/next/layout/_layout.swig","hash":"7d91c9ca571067a3548d0f3c132b480cd3beb823","modified":1507598834000},{"_id":"themes/next/layout/archive.swig","hash":"9a2c14874a75c7085d2bada5e39201d3fc4fd2b4","modified":1507598836000},{"_id":"themes/next/layout/category.swig","hash":"3cbb3f72429647411f9e85f2544bdf0e3ad2e6b2","modified":1507598836000},{"_id":"themes/next/layout/index.swig","hash":"555a357ecf17128db4e29346c92bb6298e66547a","modified":1507598836000},{"_id":"themes/next/layout/schedule.swig","hash":"87ad6055df01fa2e63e51887d34a2d8f0fbd2f5a","modified":1507598836000},{"_id":"themes/next/layout/tag.swig","hash":"34e1c016cbdf94a31f9c5d494854ff46b2a182e9","modified":1507598836000},{"_id":"themes/next/layout/page.swig","hash":"e8fcaa641d46930237675d2ad4b56964d9e262e9","modified":1507598836000},{"_id":"themes/next/layout/post.swig","hash":"7a6ce102ca82c3a80f776e555dddae1a9981e1ed","modified":1507598836000},{"_id":"themes/next/languages/default.yml","hash":"b3bcd8934327448a43d9bfada5dd11b1b8c1402e","modified":1507598834000},{"_id":"themes/next/languages/de.yml","hash":"fd02d9c2035798d5dc7c1a96b4c3e24b05b31a47","modified":1507598834000},{"_id":"themes/next/languages/id.yml","hash":"dccae33e2a5b3c9f11c0e05ec4a7201af1b25745","modified":1507598834000},{"_id":"themes/next/languages/it.yml","hash":"a215d016146b1bd92cef046042081cbe0c7f976f","modified":1507598834000},{"_id":"themes/next/languages/ja.yml","hash":"37f954e47a3bc669620ca559e3edb3b0072a4be5","modified":1507598834000},{"_id":"themes/next/languages/en.yml","hash":"2f4b4776ca1a08cc266a19afb0d1350a3926f42c","modified":1507598834000},{"_id":"themes/next/languages/ko.yml","hash":"dc8f3e8c64eb7c4bb2385025b3006b8efec8b31d","modified":1507598834000},{"_id":"themes/next/languages/fr-FR.yml","hash":"efeeb55d5c4add54ad59a612fc0630ee1300388c","modified":1507598834000},{"_id":"themes/next/languages/pt-BR.yml","hash":"568d494a1f37726a5375b11452a45c71c3e2852d","modified":1507598834000},{"_id":"themes/next/languages/ru.yml","hash":"e33ee44e80f82e329900fc41eb0bb6823397a4d6","modified":1507598834000},{"_id":"themes/next/languages/zh-hk.yml","hash":"fe0d45807d015082049f05b54714988c244888da","modified":1507598834000},{"_id":"themes/next/languages/zh-tw.yml","hash":"432463b481e105073accda16c3e590e54c8e7b74","modified":1507598834000},{"_id":"themes/next/languages/zh-Hans.yml","hash":"66b9b42f143c3cb2f782a94abd4c4cbd5fd7f55f","modified":1507598834000},{"_id":"themes/next/languages/pt.yml","hash":"2efcd240c66ab1a122f061505ca0fb1e8819877b","modified":1507598834000},{"_id":"themes/next/test/.jshintrc","hash":"c9fca43ae0d99718e45a6f5ce736a18ba5fc8fb6","modified":1507598838000},{"_id":"themes/next/test/helpers.js","hash":"f25e7f3265eb5a6e1ccbb5e5012fa9bebf134105","modified":1507598838000},{"_id":"themes/next/test/intern.js","hash":"db90b1063356727d72be0d77054fdc32fa882a66","modified":1507598838000},{"_id":"themes/next/scripts/merge-configs.js","hash":"5758f8f3f12d17bc80da65bb808a20b3a8aae186","modified":1507598836000},{"_id":"themes/next/scripts/merge.js","hash":"39b84b937b2a9608b94e5872349a47200e1800ff","modified":1507598836000},{"_id":"themes/next/source/fonts/.gitkeep","hash":"da39a3ee5e6b4b0d3255bfef95601890afd80709","modified":1507598836000},{"_id":"themes/next/layout/_custom/header.swig","hash":"ba8ab5a0280b953aa97435ff8946cbcbb2755a27","modified":1507598834000},{"_id":"themes/next/layout/_custom/sidebar.swig","hash":"ba8ab5a0280b953aa97435ff8946cbcbb2755a27","modified":1507598834000},{"_id":"themes/next/layout/_partials/comments.swig","hash":"de45e77e7d52cf317129b7d21415a3002b95b94e","modified":1507598834000},{"_id":"themes/next/layout/_partials/footer.swig","hash":"3e87cb61fda8f18632d4ea63e1f17515cebe3cd1","modified":1507603151553},{"_id":"themes/next/layout/_partials/header.swig","hash":"c54b32263bc8d75918688fb21f795103b3f57f03","modified":1507598834000},{"_id":"themes/next/layout/_partials/head.swig","hash":"f14a39dad1ddd98e6d3ceb25dda092ba80d391b5","modified":1507598834000},{"_id":"themes/next/layout/_partials/page-header.swig","hash":"77c61e0baea3544df361b7338c3cd13dc84dde22","modified":1507598834000},{"_id":"themes/next/layout/_partials/pagination.swig","hash":"1634fb887842698e01ff6e632597fe03c75d2d01","modified":1507598834000},{"_id":"themes/next/layout/_partials/search.swig","hash":"b4ebe4a52a3b51efe549dd1cdee846103664f5eb","modified":1507598834000},{"_id":"themes/next/layout/_third-party/exturl.swig","hash":"8301c9600bb3e47f7fb98b0e0332ef3c51bb1688","modified":1507598836000},{"_id":"themes/next/layout/_third-party/duoshuo-hot-articles.swig","hash":"ba75672183d94f1de7c8bd0eeee497a58c70e889","modified":1507598836000},{"_id":"themes/next/layout/_third-party/rating.swig","hash":"554ec568e9d2c71e4a624a8de3cb5929050811d6","modified":1507598836000},{"_id":"themes/next/layout/_third-party/mathjax.swig","hash":"a0bd3388587fd943baae0d84ca779a707fbcad89","modified":1507598836000},{"_id":"themes/next/layout/_third-party/needsharebutton.swig","hash":"fa882641da3bd83d9a58a8a97f9d4c62a9ee7b5c","modified":1507598836000},{"_id":"themes/next/layout/_third-party/schedule.swig","hash":"db15d7e1552aa2d2386a6b8a33b3b3a40bf9e43d","modified":1507598836000},{"_id":"themes/next/layout/_third-party/scroll-cookie.swig","hash":"9a188938d46931d5f3882a140aa1c48b3a893f0c","modified":1507598836000},{"_id":"themes/next/layout/_macro/post-collapse.swig","hash":"8c56dd26157cbc580ae41d97ac34b90ab48ced3f","modified":1507598834000},{"_id":"themes/next/layout/_macro/my-copyright.swig","hash":"5496997472e809151b9518bdbfb01da50a49f837","modified":1507604862982},{"_id":"themes/next/layout/_macro/post.swig","hash":"de155c73b7316090191ef08641eaf531676f308a","modified":1507604785819},{"_id":"themes/next/layout/_macro/post-copyright.swig","hash":"f83befdc740beb8dc88805efd7fbb0fef9ed19be","modified":1507598834000},{"_id":"themes/next/layout/_macro/reward.swig","hash":"357d86ec9586705bfbb2c40a8c7d247a407db21a","modified":1507598834000},{"_id":"themes/next/layout/_macro/sidebar.swig","hash":"b9f9959225876fb56fb3fba96306d19396e704d4","modified":1507598834000},{"_id":"themes/next/layout/_macro/wechat-subscriber.swig","hash":"e2e4eae391476da994045ed4c7faf5e05aca2cd7","modified":1507598834000},{"_id":"themes/next/layout/_scripts/commons.swig","hash":"931808ad9b8d8390c0dcf9bdeb0954eeb9185d68","modified":1507598834000},{"_id":"themes/next/layout/_scripts/boostrap.swig","hash":"c0f5a0955f69ca4ed9ee64a2d5f8aa75064935ad","modified":1507598834000},{"_id":"themes/next/layout/_scripts/vendors.swig","hash":"53c894e6f3573c662dc4e4f7b5a6f1a32f1a8c94","modified":1507598834000},{"_id":"themes/next/source/css/main.styl","hash":"a91dbb7ef799f0a171b5e726c801139efe545176","modified":1507598836000},{"_id":"themes/next/source/images/algolia_logo.svg","hash":"45eeea0b5fba833e21e38ea10ed5ab385ceb4f01","modified":1507598836000},{"_id":"themes/next/source/images/apple-touch-icon-next.png","hash":"2959dbc97f31c80283e67104fe0854e2369e40aa","modified":1507598836000},{"_id":"themes/next/source/images/cc-by-nc-nd.svg","hash":"bc3588c9b2d7c68830524783120ff6cf957cf668","modified":1507598836000},{"_id":"themes/next/source/images/cc-by-nc-sa.svg","hash":"6f55543d1fb9cbc436c101d24f802dec7b41efc3","modified":1507598836000},{"_id":"themes/next/source/images/cc-by-nc.svg","hash":"6f076713fb9bf934aa2c1046bdf2cf2e37bc1eab","modified":1507598836000},{"_id":"themes/next/source/images/cc-by-nd.svg","hash":"42cd73da328077ccc92f859bb8f3cf621b3484f8","modified":1507598836000},{"_id":"themes/next/source/images/avatar.gif","hash":"264082bb3a1af70d5499c7d22b0902cb454b6d12","modified":1507598836000},{"_id":"themes/next/source/images/cc-by-sa.svg","hash":"70c1535f43e54e5ff35ca81419e77e4c0c301398","modified":1507598836000},{"_id":"themes/next/source/images/cc-by.svg","hash":"e92a33c32d1dac8ed94849b2b4e6456e887efe70","modified":1507598836000},{"_id":"themes/next/source/images/cc-zero.svg","hash":"9bfb52b2f63527a7049247bf00d44e6dc1170e7d","modified":1507598836000},{"_id":"themes/next/source/images/favicon-32x32-next.png","hash":"0749d7b24b0d2fae1c8eb7f671ad4646ee1894b1","modified":1507598836000},{"_id":"themes/next/source/images/favicon-16x16.ico","hash":"541fe17b78cf9be596f46c2f397530d2ecabee1f","modified":1507602432982},{"_id":"themes/next/source/images/favicon-32x32.ico","hash":"3446fae20bede9ad401b4f9d0a91a601950bd348","modified":1507602290398},{"_id":"themes/next/source/images/placeholder.gif","hash":"5fbd472222feb8a22cf5b8aa5dc5b8e13af88e2b","modified":1507598836000},{"_id":"themes/next/source/images/logo.svg","hash":"169f56fd82941591dad3abd734a50ec7259be950","modified":1507598836000},{"_id":"themes/next/source/images/favicon-16x16-next.png","hash":"943a0d67a9cdf8c198109b28f9dbd42f761d11c3","modified":1507598836000},{"_id":"themes/next/source/images/loading.gif","hash":"5fbd472222feb8a22cf5b8aa5dc5b8e13af88e2b","modified":1507598836000},{"_id":"themes/next/source/images/quote-l.svg","hash":"cd108d6f44351cadf8e6742565217f88818a0458","modified":1507598836000},{"_id":"themes/next/source/images/quote-r.svg","hash":"2a2a250b32a87c69dcc1b1976c74b747bedbfb41","modified":1507598836000},{"_id":"themes/next/source/images/searchicon.png","hash":"67727a6a969be0b2659b908518fa6706eed307b8","modified":1507598836000},{"_id":"themes/next/scripts/tags/exturl.js","hash":"5022c0ba9f1d13192677cf1fd66005c57c3d0f53","modified":1507598836000},{"_id":"themes/next/scripts/tags/button.js","hash":"eddbb612c15ac27faf11c59c019ce188f33dec2c","modified":1507598836000},{"_id":"themes/next/scripts/tags/center-quote.js","hash":"99b66949f18398689b904907af23c013be1b978f","modified":1507598836000},{"_id":"themes/next/scripts/tags/full-image.js","hash":"c9f833158c66bd72f627a0559cf96550e867aa72","modified":1507598836000},{"_id":"themes/next/scripts/tags/group-pictures.js","hash":"ac681b0d0d8d39ba3817336c0270c6787c2b6b70","modified":1507598836000},{"_id":"themes/next/scripts/tags/note.js","hash":"f7eae135f35cdab23728e9d0d88b76e00715faa0","modified":1507598836000},{"_id":"themes/next/scripts/tags/lazy-image.js","hash":"bcba2ff25cd7850ce6da322d8bd85a8dd00b5ceb","modified":1507598836000},{"_id":"themes/next/scripts/tags/label.js","hash":"6f00952d70aadece844ce7fd27adc52816cc7374","modified":1507598836000},{"_id":"themes/next/scripts/tags/tabs.js","hash":"aa7fc94a5ec27737458d9fe1a75c0db7593352fd","modified":1507598836000},{"_id":"themes/next/layout/_scripts/schemes/muse.swig","hash":"da39a3ee5e6b4b0d3255bfef95601890afd80709","modified":1507598834000},{"_id":"themes/next/layout/_scripts/schemes/mist.swig","hash":"da39a3ee5e6b4b0d3255bfef95601890afd80709","modified":1507598834000},{"_id":"themes/next/source/css/_mixins/Mist.styl","hash":"da39a3ee5e6b4b0d3255bfef95601890afd80709","modified":1507598836000},{"_id":"themes/next/source/css/_mixins/Muse.styl","hash":"da39a3ee5e6b4b0d3255bfef95601890afd80709","modified":1507598836000},{"_id":"themes/next/source/css/_mixins/custom.styl","hash":"da39a3ee5e6b4b0d3255bfef95601890afd80709","modified":1507598836000},{"_id":"themes/next/source/css/_variables/Muse.styl","hash":"da39a3ee5e6b4b0d3255bfef95601890afd80709","modified":1507598836000},{"_id":"themes/next/source/css/_variables/custom.styl","hash":"da39a3ee5e6b4b0d3255bfef95601890afd80709","modified":1507598836000},{"_id":"themes/next/layout/_partials/head/custom-head.swig","hash":"a223919d2e1bf17ca4d6abb2c86f2efca9883dc1","modified":1507598834000},{"_id":"themes/next/layout/_partials/head/external-fonts.swig","hash":"f5e487b0d213ca0bd94aa30bc23b240d65081627","modified":1507598834000},{"_id":"themes/next/layout/_partials/search/localsearch.swig","hash":"b2f0d247b213e4cf8de47af6a304d98070cc7256","modified":1507598834000},{"_id":"themes/next/layout/_partials/search/swiftype.swig","hash":"a8c7f9ca7c605d039a1f3bf4e4d3183700a3dd62","modified":1507598834000},{"_id":"themes/next/layout/_partials/search/tinysou.swig","hash":"b25002a83cbd2ca0c4a5df87ad5bff26477c0457","modified":1507598834000},{"_id":"themes/next/layout/_partials/share/add-this.swig","hash":"9e3d133ac5bcc6cb51702c83b2611a49811abad1","modified":1507598834000},{"_id":"themes/next/layout/_partials/share/baidushare.swig","hash":"d9e2d9282f9be6e04eae105964abb81e512bffed","modified":1507598834000},{"_id":"themes/next/layout/_partials/share/jiathis.swig","hash":"0a9cdd6958395fcdffc80ab60f0c6301b63664a5","modified":1507598834000},{"_id":"themes/next/layout/_partials/share/duoshuo_share.swig","hash":"d4fbffd7fa8f2090eb32a871872665d90a885fac","modified":1507598834000},{"_id":"themes/next/layout/_third-party/analytics/analytics-with-widget.swig","hash":"ff947f3561b229bc528cb1837d4ca19612219411","modified":1507598834000},{"_id":"themes/next/layout/_third-party/analytics/baidu-analytics.swig","hash":"753d262911c27baf663fcaf199267133528656af","modified":1507598834000},{"_id":"themes/next/layout/_third-party/analytics/application-insights.swig","hash":"71397a5823e8ec8aad3b68aace13150623b3e19d","modified":1507598834000},{"_id":"themes/next/layout/_third-party/analytics/busuanzi-counter.swig","hash":"7b11eac3a0685fa1ab2ab6ecff60afc4f15f0d16","modified":1507598834000},{"_id":"themes/next/layout/_third-party/analytics/cnzz-analytics.swig","hash":"a10b7f19d7b5725527514622899df413a34a89db","modified":1507598834000},{"_id":"themes/next/layout/_third-party/analytics/facebook-sdk.swig","hash":"7d94845f96197d9d84a405fa5d4ede75fb81b225","modified":1507598834000},{"_id":"themes/next/layout/_third-party/analytics/google-analytics.swig","hash":"b1e13df83fb2b1d5d513b30b7aa6158b0837daab","modified":1507598834000},{"_id":"themes/next/layout/_third-party/analytics/index.swig","hash":"45f3f629c2aacc381095750e1c8649041a71a84b","modified":1507598836000},{"_id":"themes/next/layout/_third-party/analytics/lean-analytics.swig","hash":"e6d10ee4fb70b3ae1cd37e9e36e000306734aa2e","modified":1507598836000},{"_id":"themes/next/layout/_third-party/analytics/tencent-analytics.swig","hash":"8a399df90dadba5ad4e781445b58f4765aeb701e","modified":1507598836000},{"_id":"themes/next/layout/_third-party/analytics/tencent-mta.swig","hash":"5a8027328f060f965b3014060bebec1d7cf149c1","modified":1507598836000},{"_id":"themes/next/layout/_third-party/analytics/vkontakte-api.swig","hash":"f9a1647a8f1866deeb94052d1f87a5df99cb1e70","modified":1507598836000},{"_id":"themes/next/layout/_third-party/comments/changyan.swig","hash":"4c501ea0b9c494181eb3c607c5526a5754e7fbd8","modified":1507598836000},{"_id":"themes/next/layout/_third-party/comments/disqus.swig","hash":"b83a51bbe0f1e2ded9819070840b0ea145f003a6","modified":1507598836000},{"_id":"themes/next/layout/_third-party/comments/duoshuo.swig","hash":"1600f340e0225361580c44890568dc07dbcf2c89","modified":1507598836000},{"_id":"themes/next/layout/_third-party/comments/gitment.swig","hash":"c29d42622abe992ebc9ef207eb65965cc7388c25","modified":1507598836000},{"_id":"themes/next/layout/_third-party/comments/hypercomments.swig","hash":"af7f3e43cbdc4f88c13f101f0f341af96ace3383","modified":1507598836000},{"_id":"themes/next/layout/_third-party/comments/index.swig","hash":"493bd5999a1061b981922be92d8277a0f9152447","modified":1507598836000},{"_id":"themes/next/layout/_third-party/comments/livere.swig","hash":"9246162d4bc7e949ce1d12d135cbbaf5dc3024ec","modified":1507598836000},{"_id":"themes/next/layout/_third-party/comments/youyan.swig","hash":"7e65ff8fe586cd655b0e9d1ad2912663ff9bd36c","modified":1507598836000},{"_id":"themes/next/layout/_third-party/comments/valine.swig","hash":"602104d7ac47f7888d97e810419e58593a79e8ba","modified":1507598836000},{"_id":"themes/next/layout/_third-party/seo/baidu-push.swig","hash":"d8c98938719284fa06492c114d99a1904652a555","modified":1507598836000},{"_id":"themes/next/layout/_third-party/search/index.swig","hash":"34599633658f3b0ffb487728b7766e1c7b551f5a","modified":1507598836000},{"_id":"themes/next/layout/_third-party/search/localsearch.swig","hash":"93479642fd076a1257fecc25fcf5d20ccdefe509","modified":1507598836000},{"_id":"themes/next/layout/_third-party/search/tinysou.swig","hash":"fe95dd3d166634c466e19aa756e65ad6e8254d3e","modified":1507598836000},{"_id":"themes/next/layout/_scripts/pages/post-details.swig","hash":"9b84ab576982b2c3bb0291da49143bc77fba3cc6","modified":1507598834000},{"_id":"themes/next/layout/_scripts/schemes/gemini.swig","hash":"a9a3995b9615adfb8d6b127c78c6771627bee19a","modified":1507598834000},{"_id":"themes/next/layout/_scripts/schemes/pisces.swig","hash":"a9a3995b9615adfb8d6b127c78c6771627bee19a","modified":1507598834000},{"_id":"themes/next/source/css/_custom/custom.styl","hash":"9b6b56eaeeb4208a976c63174ad7973ed01eabc4","modified":1507607035055},{"_id":"themes/next/source/css/_mixins/Gemini.styl","hash":"07f7da320689f828f6e36a6123807964a45157a0","modified":1507598836000},{"_id":"themes/next/source/css/_mixins/Pisces.styl","hash":"7896c3ee107e1a8b9108b6019f1c070600a1e8cc","modified":1507598836000},{"_id":"themes/next/source/css/_mixins/base.styl","hash":"0e55cbd93852dc3f8ccb44df74d35d9918f847e0","modified":1507598836000},{"_id":"themes/next/source/css/_variables/Gemini.styl","hash":"58e7dd5947817d9fc30770712fc39b2f52230d1e","modified":1507598836000},{"_id":"themes/next/source/css/_variables/Mist.styl","hash":"a25408534f8fe6e321db4bbf9dd03335d648fe17","modified":1507598836000},{"_id":"themes/next/source/css/_variables/Pisces.styl","hash":"4069f918ccc312da86db6c51205fc6c6eaabb116","modified":1507598836000},{"_id":"themes/next/source/css/_variables/base.styl","hash":"b1f6ea881a4938a54603d68282b0f8efb4d7915d","modified":1507598836000},{"_id":"themes/next/source/lib/algolia-instant-search/instantsearch.min.css","hash":"90ef19edc982645b118b095615838d9c5eaba0de","modified":1507598836000},{"_id":"themes/next/source/lib/canvas-nest/canvas-nest.min.js","hash":"0387e75e23b1db108a755073fe52a0d03eb391a7","modified":1507598836000},{"_id":"themes/next/source/lib/canvas-ribbon/canvas-ribbon.js","hash":"82fee688910efc644d3d1c3305c6ae28ba3f38f9","modified":1507598836000},{"_id":"themes/next/source/lib/fancybox/.gitattributes","hash":"672d3b5767e0eacd83bb41b188c913f2cf754793","modified":1507598836000},{"_id":"themes/next/source/lib/fancybox/.bower.json","hash":"9be892a4e14e0da18ff9cb962c9ef71f163b1b22","modified":1507598836000},{"_id":"themes/next/source/lib/jquery/.bower.json","hash":"865d6c1328ab209a4376b9d2b7a7824369565f28","modified":1507598836000},{"_id":"themes/next/source/lib/fastclick/.bower.json","hash":"bf3eef9d647cd7c9b62feda3bc708c6cdd7c0877","modified":1507598836000},{"_id":"themes/next/source/lib/fastclick/LICENSE","hash":"6f474ea75c42442da7bbcf2e9143ce98258efd8d","modified":1507598836000},{"_id":"themes/next/source/lib/fastclick/README.md","hash":"68a9b9d53126405b0fa5f3324f1fb96dbcc547aa","modified":1507598836000},{"_id":"themes/next/source/lib/fastclick/bower.json","hash":"a9b3ee1e4db71a0e4ea6d5bed292d176dd68b261","modified":1507598836000},{"_id":"themes/next/source/lib/font-awesome/.bower.json","hash":"b4aefc910578d76b267e86dfffdd5121c8db9aec","modified":1507598836000},{"_id":"themes/next/source/lib/font-awesome/.gitignore","hash":"03ddbf76c1dd1afb93eed0b670d2eee747472ef1","modified":1507598836000},{"_id":"themes/next/source/lib/font-awesome/.npmignore","hash":"c31ff06a740955e44edd4403902e653ccabfd4db","modified":1507598836000},{"_id":"themes/next/source/lib/font-awesome/HELP-US-OUT.txt","hash":"ee33b2798b1e714b904d663436c6b3521011d1fa","modified":1507598836000},{"_id":"themes/next/source/lib/font-awesome/bower.json","hash":"71e7183634dc1b9449f590f15ebd7201add22ca7","modified":1507598836000},{"_id":"themes/next/source/lib/needsharebutton/font-embedded.css","hash":"14264a210bf94232d58d7599ea2ba93bfa4fb458","modified":1507598836000},{"_id":"themes/next/source/lib/needsharebutton/needsharebutton.css","hash":"e33aa8fa48b6639d8d8b937d13261597dd473b3a","modified":1507598836000},{"_id":"themes/next/source/lib/needsharebutton/needsharebutton.js","hash":"2ce5f3bf15c523b9bfc97720d8884bb22602a454","modified":1507598836000},{"_id":"themes/next/source/lib/jquery_lazyload/.bower.json","hash":"90fa628f156d8045357ff11eaf32e61abacf10e8","modified":1507598836000},{"_id":"themes/next/source/lib/jquery_lazyload/README.md","hash":"b930297cb98b8e1dbd5abe9bc1ed9d5935d18ce8","modified":1507598836000},{"_id":"themes/next/source/lib/jquery_lazyload/CONTRIBUTING.md","hash":"4ded6fee668544778e97e38c2b211fc56c848e77","modified":1507598836000},{"_id":"themes/next/source/lib/jquery_lazyload/bower.json","hash":"e0acf1db27b0cc16128a59c46db1db406b5c4c58","modified":1507598836000},{"_id":"themes/next/source/lib/jquery_lazyload/jquery.lazyload.js","hash":"f4a570908f6c89c6edfb1c74959e733eaadea4f2","modified":1507598836000},{"_id":"themes/next/source/lib/jquery_lazyload/jquery.scrollstop.js","hash":"bf773ad48a0b9aa77681a89d7569eefc0f7b7b18","modified":1507598836000},{"_id":"themes/next/source/lib/pace/pace-theme-barber-shop.min.css","hash":"ee0d51446cb4ffe1bb96bd7bc8c8e046dddfcf46","modified":1507598836000},{"_id":"themes/next/source/lib/pace/pace-theme-big-counter.min.css","hash":"5b561dc328af4c4d512e20a76fe964d113a32ba8","modified":1507598836000},{"_id":"themes/next/source/lib/pace/pace-theme-bounce.min.css","hash":"f6bdb9a785b7979dd8ec5c60e278af955ef1e585","modified":1507598836000},{"_id":"themes/next/source/lib/pace/pace-theme-center-atom.min.css","hash":"dcf79c24fe5350fb73d8038573a104e73639e9d3","modified":1507598836000},{"_id":"themes/next/source/lib/pace/pace-theme-center-circle.min.css","hash":"a4066769c78affbfbc5e30a600e2c7862cd532e0","modified":1507598836000},{"_id":"themes/next/source/lib/pace/pace-theme-center-radar.min.css","hash":"ab7cba998bf4c03b13df342bf43647fa4f419783","modified":1507598836000},{"_id":"themes/next/source/lib/pace/pace-theme-center-simple.min.css","hash":"67f44c947548bd4d77e7590d3f59e236cbf9e98a","modified":1507598836000},{"_id":"themes/next/source/lib/pace/pace-theme-corner-indicator.min.css","hash":"b3c64c973f31884e3d8145989476707333406b9a","modified":1507598836000},{"_id":"themes/next/source/lib/pace/pace-theme-fill-left.min.css","hash":"0bec1e235a4a2cccda3f993b205424e1441a44ae","modified":1507598836000},{"_id":"themes/next/source/lib/pace/pace-theme-loading-bar.min.css","hash":"7ee28875dfc1230d76c537f6605766e8d4011e9f","modified":1507598836000},{"_id":"themes/next/source/lib/pace/pace-theme-flash.min.css","hash":"13ace22c40312d7bbd8d9c1e50eff897a7a497d8","modified":1507598836000},{"_id":"themes/next/source/lib/pace/pace-theme-mac-osx.min.css","hash":"9f2e7b51b084da407863826b25265b31150b3821","modified":1507598836000},{"_id":"themes/next/source/lib/pace/pace.min.js","hash":"8aaa675f577d5501f5f22d5ccb07c2b76310b690","modified":1507598838000},{"_id":"themes/next/source/lib/pace/pace-theme-minimal.min.css","hash":"9cd783cceb8a191f3c8b5d81f7a430ecc3e489d3","modified":1507598838000},{"_id":"themes/next/source/lib/three/canvas_sphere.min.js","hash":"46a50b91c98b639c9a2b9265c5a1e66a5c656881","modified":1507598838000},{"_id":"themes/next/source/lib/three/canvas_lines.min.js","hash":"2d9a9f38c493fdf7c0b833bb9184b6a1645c11b2","modified":1507598838000},{"_id":"themes/next/source/lib/three/three-waves.min.js","hash":"8148492dd49aa876d32bb7d5b728d3f5bf6f5074","modified":1507598838000},{"_id":"themes/next/source/lib/velocity/.bower.json","hash":"63da5e80ebb61bb66a2794d5936315ca44231f0c","modified":1507598838000},{"_id":"themes/next/source/lib/velocity/bower.json","hash":"92d92860418c4216aa59eb4cb4a556290a7ad9c3","modified":1507598838000},{"_id":"themes/next/source/lib/velocity/velocity.min.js","hash":"bf172816a9c57f9040e3d19c24e181a142daf92b","modified":1507598838000},{"_id":"themes/next/source/lib/velocity/velocity.ui.min.js","hash":"dde584994ac13dc601836e86f4cf490e418d9723","modified":1507598838000},{"_id":"themes/next/source/lib/velocity/velocity.ui.js","hash":"dbbfb50f6502f6b81dcc9fee7b31f1e812da3464","modified":1507598838000},{"_id":"themes/next/source/js/src/algolia-search.js","hash":"cb431b54ba9c692165a1f5a12e4c564a560f8058","modified":1507598836000},{"_id":"themes/next/source/js/src/affix.js","hash":"1b509c3b5b290a6f4607f0f06461a0c33acb69b1","modified":1507598836000},{"_id":"themes/next/source/js/src/bootstrap.js","hash":"0289031200c3d4c2bdd801ee10fff13bb2c353e4","modified":1507598836000},{"_id":"themes/next/source/js/src/exturl.js","hash":"a2a0f0de07e46211f74942a468f42ee270aa555c","modified":1507598836000},{"_id":"themes/next/source/js/src/hook-duoshuo.js","hash":"b35a7dc47b634197b93487cea8671a40a9fdffce","modified":1507598836000},{"_id":"themes/next/source/js/src/js.cookie.js","hash":"1512c751d219577d338ac0780fb2bbd9075d5298","modified":1507598836000},{"_id":"themes/next/source/js/src/motion.js","hash":"885176ed51d468f662fbf0fc09611f45c7e5a3b1","modified":1507598836000},{"_id":"themes/next/source/js/src/post-details.js","hash":"93a18271b4123dd8f94f09d1439b47c3c19a8712","modified":1507598836000},{"_id":"themes/next/source/js/src/scroll-cookie.js","hash":"02cf91514e41200bc9df5d8bdbeb58575ec06074","modified":1507598836000},{"_id":"themes/next/source/js/src/scrollspy.js","hash":"b7657be25fc52ec67c75ab5481bdcb483573338b","modified":1507598836000},{"_id":"themes/next/source/js/src/utils.js","hash":"b7ddc240208d57596a67c78a04a11b0f0bdecc97","modified":1507598836000},{"_id":"themes/next/source/lib/jquery/index.js","hash":"17a740d68a1c330876c198b6a4d9319f379f3af2","modified":1507598836000},{"_id":"themes/next/layout/_third-party/search/algolia-search/assets.swig","hash":"218cc936ba3518a3591b2c9eda46bc701edf7710","modified":1507598836000},{"_id":"themes/next/layout/_third-party/search/algolia-search/dom.swig","hash":"2530de0f3125a912756f6c0e9090cd012134a4c5","modified":1507598836000},{"_id":"themes/next/source/css/_common/components/back-to-top-sidebar.styl","hash":"8f86f694c0749a18ab3ad6f6df75466ca137a4bc","modified":1507598836000},{"_id":"themes/next/source/css/_common/components/buttons.styl","hash":"8b32928686c327151e13d3ab100157f9a03cd59f","modified":1507598836000},{"_id":"themes/next/source/css/_common/components/components.styl","hash":"7ad4081466b397e2a6204141bb7768b7c01bd93c","modified":1507598836000},{"_id":"themes/next/source/css/_common/components/back-to-top.styl","hash":"237d185ac62ec9877e300947fa0109c44fb8db19","modified":1507598836000},{"_id":"themes/next/source/css/_common/components/comments.styl","hash":"ff4489cd582f518bba6909a301ac1292a38b4e96","modified":1507598836000},{"_id":"themes/next/source/css/_common/components/pagination.styl","hash":"4f2801fc4cf3f31bf2069f41db8c6ce0e3da9e39","modified":1507598836000},{"_id":"themes/next/source/css/_common/components/tag-cloud.styl","hash":"6eb4bcc3056bd279d000607e8b4dad50d368ca69","modified":1507598836000},{"_id":"themes/next/source/css/_common/outline/outline.styl","hash":"12662536c7a07fff548abe94171f34b768dd610f","modified":1507598836000},{"_id":"themes/next/source/css/_common/scaffolding/base.styl","hash":"24ee4b356ff55fc6e58f26a929fa07750002cf29","modified":1507598836000},{"_id":"themes/next/source/css/_common/scaffolding/mobile.styl","hash":"91ca75492cd51f2553f4d294ed2f48239fcd55eb","modified":1507598836000},{"_id":"themes/next/source/css/_common/scaffolding/scaffolding.styl","hash":"a17e2b871a335f290afb392a08f94fd35f59c715","modified":1507598836000},{"_id":"themes/next/source/css/_common/scaffolding/helpers.styl","hash":"1da5c800d025345f212a3bf1be035060f4e5e6ed","modified":1507598836000},{"_id":"themes/next/source/css/_common/scaffolding/normalize.styl","hash":"3f40e8a9fe8e7bd5cfc4cf4cbbbcb9539462e973","modified":1507598836000},{"_id":"themes/next/source/css/_common/scaffolding/tables.styl","hash":"ea9069645696f86c5df64208490876fe150c8cae","modified":1507598836000},{"_id":"themes/next/source/css/_schemes/Gemini/index.styl","hash":"60fa84aa7731760f05f52dd7d8f79b5f74ac478d","modified":1507598836000},{"_id":"themes/next/source/css/_schemes/Mist/_base.styl","hash":"25d5e45a355ee2093f3b8b8eeac125ebf3905026","modified":1507598836000},{"_id":"themes/next/source/css/_schemes/Mist/_header.styl","hash":"d0bfd1bef988c76f7d7dd72d88af6f0908a8b0db","modified":1507598836000},{"_id":"themes/next/source/css/_schemes/Mist/_logo.styl","hash":"b1025c421406d2c24cc92a02ae28c1915b01e240","modified":1507598836000},{"_id":"themes/next/source/css/_schemes/Mist/_posts-expanded.styl","hash":"9c99034f8e00d47e978b3959f51eb4a9ded0fcc8","modified":1507598836000},{"_id":"themes/next/source/css/_schemes/Mist/_menu.styl","hash":"26666c1f472bf5f3fb9bc62081cca22b4de15ccb","modified":1507598836000},{"_id":"themes/next/source/css/_schemes/Mist/_search.styl","hash":"09c965022c13b84ed8a661fee8ac2a6d550495ae","modified":1507598836000},{"_id":"themes/next/source/css/_schemes/Mist/index.styl","hash":"9b913b73d31d21f057f97115ffab93cfa578b884","modified":1507598836000},{"_id":"themes/next/source/css/_schemes/Pisces/_brand.styl","hash":"bce344d3a665b4c55230d2a91eac2ad16d6f32fd","modified":1507598836000},{"_id":"themes/next/source/css/_schemes/Pisces/_layout.styl","hash":"416988dca389e6e2fdfa51fa7f4ee07eb53f82fb","modified":1507598836000},{"_id":"themes/next/source/css/_schemes/Pisces/_menu.styl","hash":"4642e30010af8b2b037f5b43146b10a934941958","modified":1507598836000},{"_id":"themes/next/source/css/_schemes/Pisces/_sidebar.styl","hash":"30561ed60fc64f3e4ce85143bdb55faa814743a6","modified":1507598836000},{"_id":"themes/next/source/css/_schemes/Pisces/index.styl","hash":"86197902dfd3bededba10ba62b8f9f22e0420bde","modified":1507598836000},{"_id":"themes/next/source/css/_schemes/Muse/_layout.styl","hash":"31127dcbf4c7b4ada53ffbf1638b5fe325b7cbc0","modified":1507598836000},{"_id":"themes/next/source/css/_schemes/Pisces/_posts.styl","hash":"1f6e2ce674735269599acc6d77b3ea18d31967fc","modified":1507598836000},{"_id":"themes/next/source/css/_schemes/Muse/_logo.styl","hash":"748dbfbf9c08e719ddc775958003c64b00d39dab","modified":1507598836000},{"_id":"themes/next/source/css/_schemes/Muse/_menu.styl","hash":"f23ac53ab901c48859dd29eee6e386b60ff956ba","modified":1507598836000},{"_id":"themes/next/source/css/_schemes/Muse/_search.styl","hash":"09c965022c13b84ed8a661fee8ac2a6d550495ae","modified":1507598836000},{"_id":"themes/next/source/css/_schemes/Muse/index.styl","hash":"5dbc0d0c897e46760e5dbee416530d485c747bba","modified":1507598836000},{"_id":"themes/next/source/lib/Han/dist/han.css","hash":"6c26cdb36687d4f0a11dabf5290a909c3506be5c","modified":1507598836000},{"_id":"themes/next/source/lib/Han/dist/han.min.js","hash":"16b03db23a52623348f37c04544f2792032c1fb6","modified":1507598836000},{"_id":"themes/next/source/lib/Han/dist/han.min.css","hash":"6d586bfcfb7ae48f1b12f76eec82d3ad31947501","modified":1507598836000},{"_id":"themes/next/source/lib/fancybox/source/blank.gif","hash":"2daeaa8b5f19f0bc209d976c02bd6acb51b00b0a","modified":1507598836000},{"_id":"themes/next/source/lib/fancybox/source/fancybox_loading.gif","hash":"1a755fb2599f3a313cc6cfdb14df043f8c14a99c","modified":1507598836000},{"_id":"themes/next/source/lib/fancybox/source/fancybox_loading@2x.gif","hash":"273b123496a42ba45c3416adb027cd99745058b0","modified":1507598836000},{"_id":"themes/next/source/lib/fancybox/source/fancybox_overlay.png","hash":"b3a4ee645ba494f52840ef8412015ba0f465dbe0","modified":1507598836000},{"_id":"themes/next/source/lib/fancybox/source/fancybox_sprite@2x.png","hash":"30c58913f327e28f466a00f4c1ac8001b560aed8","modified":1507598836000},{"_id":"themes/next/source/lib/fancybox/source/fancybox_sprite.png","hash":"17df19f97628e77be09c352bf27425faea248251","modified":1507598836000},{"_id":"themes/next/source/lib/fancybox/source/jquery.fancybox.css","hash":"82f33ad0842aa9c154d029e0dada2497d4eb1d57","modified":1507598836000},{"_id":"themes/next/source/lib/fancybox/source/jquery.fancybox.js","hash":"d71602cbca33b9ecdb7ab291b7f86a49530f3601","modified":1507598836000},{"_id":"themes/next/source/lib/fancybox/source/jquery.fancybox.pack.js","hash":"ae6318aeb62ad4ce7a7e9a4cdacd93ffb004f0fb","modified":1507598836000},{"_id":"themes/next/source/lib/fastclick/lib/fastclick.js","hash":"1d6aeda0480d0e4cb6198edf7719d601d4ae2ccc","modified":1507598836000},{"_id":"themes/next/source/lib/fastclick/lib/fastclick.min.js","hash":"2cae0f5a6c5d6f3cb993015e6863f9483fc4de18","modified":1507598836000},{"_id":"themes/next/source/lib/font-awesome/css/font-awesome.css","hash":"3655f1fdf1e584c4d8e8d39026093ca306a5a341","modified":1507598836000},{"_id":"themes/next/source/lib/font-awesome/css/font-awesome.css.map","hash":"1573904b82807abbb32c97a3632c6c6808eaac50","modified":1507598836000},{"_id":"themes/next/source/lib/font-awesome/css/font-awesome.min.css","hash":"88af80502c44cd52ca81ffe7dc7276b7eccb06cf","modified":1507598836000},{"_id":"themes/next/source/lib/ua-parser-js/dist/ua-parser.min.js","hash":"41ea797c68dbcff2f6fb3aba1d1043a22e7cc0f6","modified":1507598838000},{"_id":"themes/next/source/lib/ua-parser-js/dist/ua-parser.pack.js","hash":"a817b6c158cbc5bab3582713de9fe18a18a80552","modified":1507598838000},{"_id":"themes/next/source/js/src/schemes/pisces.js","hash":"f1d0b5d7af32c423eaa8bb93ab6a0b45655645dc","modified":1507598836000},{"_id":"themes/next/source/lib/Han/dist/han.js","hash":"4ac683b2bc8531c84d98f51b86957be0e6f830f3","modified":1507598836000},{"_id":"themes/next/source/lib/font-awesome/fonts/fontawesome-webfont.woff2","hash":"d6f48cba7d076fb6f2fd6ba993a75b9dc1ecbf0c","modified":1507598836000},{"_id":"themes/next/source/lib/font-awesome/fonts/fontawesome-webfont.woff","hash":"28b782240b3e76db824e12c02754a9731a167527","modified":1507598836000},{"_id":"themes/next/source/lib/velocity/velocity.js","hash":"4237c6e9d59da349639de20e559e87c2c0218cfd","modified":1507598838000},{"_id":"themes/next/source/css/_common/components/footer/footer.styl","hash":"9f73c4696f0907aa451a855444f88fc0698fa472","modified":1507598836000},{"_id":"themes/next/source/css/_common/components/header/menu.styl","hash":"1a0d059799a298fe17c49a44298d32cebde93785","modified":1507598836000},{"_id":"themes/next/source/css/_common/components/header/header.styl","hash":"53cde051e0337f4bf42fb8d6d7a79fa3fa6d4ef2","modified":1507598836000},{"_id":"themes/next/source/css/_common/components/header/headerband.styl","hash":"d63e0cacc53dd375fcc113465a4328c59ff5f2c1","modified":1507598836000},{"_id":"themes/next/source/css/_common/components/header/site-nav.styl","hash":"1727702eac5d326b5c81a667944a245016668231","modified":1507598836000},{"_id":"themes/next/source/css/_common/components/pages/archive.styl","hash":"b6f3a06a94a6ee5470c956663164d58eda818a64","modified":1507598836000},{"_id":"themes/next/source/css/_common/components/header/site-meta.styl","hash":"0656e753f182c9f47fef7304c847b7587a85ef0d","modified":1507598836000},{"_id":"themes/next/source/css/_common/components/pages/pages.styl","hash":"f9760ecf186954cee3ba4a149be334e9ba296b89","modified":1507598836000},{"_id":"themes/next/source/css/_common/components/pages/categories.styl","hash":"7fb593f90d74a99c21840679933b9ef6fdc16a61","modified":1507598836000},{"_id":"themes/next/source/css/_common/components/pages/post-detail.styl","hash":"4e3838d7ac81d9ad133960f0f7ed58a44a015285","modified":1507598836000},{"_id":"themes/next/source/css/_common/components/highlight/diff.styl","hash":"167986d0f649516671ddf7193eebba7b421cd115","modified":1507598836000},{"_id":"themes/next/source/css/_common/components/pages/schedule.styl","hash":"8cf318644acc8b4978537c263290363e21c7f5af","modified":1507598836000},{"_id":"themes/next/source/css/_common/components/highlight/theme.styl","hash":"7fe4d4d656e86276c17cb4e48a560cb6a4def703","modified":1507598836000},{"_id":"themes/next/source/css/_common/components/highlight/highlight.styl","hash":"50450d9fdc8a2b2be8cfca51e3e1a01ffd636c0b","modified":1507598836000},{"_id":"themes/next/source/css/_common/components/sidebar/sidebar-author.styl","hash":"761eba9811b050b25d548cc0854de4824b41eb08","modified":1507598836000},{"_id":"themes/next/source/css/_common/components/sidebar/sidebar-author-links.styl","hash":"39f04c4c7237a4e10acd3002331992b79945d241","modified":1507598836000},{"_id":"themes/next/source/css/_common/components/sidebar/sidebar-feed-link.styl","hash":"61f8cea3c01acd600e90e1bc2a07def405503748","modified":1507598836000},{"_id":"themes/next/source/css/_common/components/sidebar/sidebar-blogroll.styl","hash":"8dd9a1c6f4f6baa00c2cf01837e7617120cf9660","modified":1507598836000},{"_id":"themes/next/source/css/_common/components/sidebar/sidebar-toc.styl","hash":"28a8737c090fbffd188d73a00b42e90b9ee57df2","modified":1507598836000},{"_id":"themes/next/source/css/_common/components/sidebar/sidebar-nav.styl","hash":"1153bb71edf253765145559674390e16dd67c633","modified":1507598836000},{"_id":"themes/next/source/css/_common/components/sidebar/sidebar-dimmer.styl","hash":"11c22f0fb3f6beb13e5a425ec064a4ff974c13b7","modified":1507598836000},{"_id":"themes/next/source/css/_common/components/sidebar/sidebar.styl","hash":"5ef6343835f484a2c0770bd1eb9cc443609e4c39","modified":1507598836000},{"_id":"themes/next/source/css/_common/components/sidebar/site-state.styl","hash":"e71652d3216e289c8548b1ea2357822c1476a425","modified":1507598836000},{"_id":"themes/next/source/css/_common/components/sidebar/sidebar-toggle.styl","hash":"a1521d48bb06d8d703753f52a198baa197af7da2","modified":1507598836000},{"_id":"themes/next/source/css/_common/components/post/my-post-copyright.styl","hash":"d5ce2f3c7b3ca46d37f51189f992bedbe34d0eba","modified":1507605108492},{"_id":"themes/next/source/css/_common/components/post/post-button.styl","hash":"62fbbd32cf5a99ae550c45c763a2c4813a138d01","modified":1507598836000},{"_id":"themes/next/source/css/_common/components/post/post-collapse.styl","hash":"875cbe88d5c7f6248990e2beb97c9828920e7e24","modified":1507598836000},{"_id":"themes/next/source/css/_common/components/post/post-copyright.styl","hash":"caf263d1928496688c0e1419801eafd7e6919ce5","modified":1507598836000},{"_id":"themes/next/source/css/_common/components/post/post-eof.styl","hash":"a200c0a1c5a895ac9dc41e0641a5dfcd766be99b","modified":1507598836000},{"_id":"themes/next/source/css/_common/components/post/post-expand.styl","hash":"a6c6eb8adba0a090ad1f4b9124e866887f20d10d","modified":1507598836000},{"_id":"themes/next/source/css/_common/components/post/post-meta.styl","hash":"d0d7a5c90d62b685520d2b47fea8ba6019ff5402","modified":1507598836000},{"_id":"themes/next/source/css/_common/components/post/post-gallery.styl","hash":"cd9e214e502697f2f2db84eb721bac57a49b0fce","modified":1507598836000},{"_id":"themes/next/source/css/_common/components/post/post-nav.styl","hash":"27deb3d3a243d30022055dac7dad851024099a8b","modified":1507598836000},{"_id":"themes/next/source/css/_common/components/post/post-reward.styl","hash":"ca88ea6999a61fb905eb6e72eba5f92d4ee31e6e","modified":1507598836000},{"_id":"themes/next/source/css/_common/components/post/post-rtl.styl","hash":"b2495ae5e04dcca610aacadc47881d9e716cd440","modified":1507598836000},{"_id":"themes/next/source/css/_common/components/post/post-tags.styl","hash":"5a982d8ef3b3623ea5f59e63728990f5623c1b57","modified":1507598836000},{"_id":"themes/next/source/css/_common/components/post/post-title.styl","hash":"ccb34c52be8adba5996c6b94f9e723bd07d34c16","modified":1507598836000},{"_id":"themes/next/source/css/_common/components/post/post-widgets.styl","hash":"7968343e41f8b94b318c36289dff1196c3eb1791","modified":1507598836000},{"_id":"themes/next/source/css/_common/components/post/post-type.styl","hash":"01567edaea6978628aa5521a122a85434c418bfd","modified":1507598836000},{"_id":"themes/next/source/css/_common/components/post/post.styl","hash":"d031dfc1bb56bfaab6fd0f6e1b25da6036d0e693","modified":1507598836000},{"_id":"themes/next/source/css/_common/components/tags/blockquote-center.styl","hash":"2fe76476432b31993338cb45cdb3b29a518b6379","modified":1507598836000},{"_id":"themes/next/source/css/_common/components/tags/exturl.styl","hash":"a3bdd71237afc112b2aa255f278cab6baeb25351","modified":1507598836000},{"_id":"themes/next/source/css/_common/components/tags/label.styl","hash":"2ab1322fe52ab5aafd49e68f5bd890e8380ee927","modified":1507598836000},{"_id":"themes/next/source/css/_common/components/tags/full-image.styl","hash":"3159b55f35c40bd08e55b00148c523760a708c51","modified":1507598836000},{"_id":"themes/next/source/css/_common/components/tags/group-pictures.styl","hash":"2ad1a2a9bbf6742d1b0762c4c623b68113d1e0fe","modified":1507598836000},{"_id":"themes/next/source/css/_common/components/tags/note.styl","hash":"9a409b798decdefdaf7a23f0b11004a8c27e82f3","modified":1507598836000},{"_id":"themes/next/source/css/_common/components/tags/tabs.styl","hash":"154a87a32d2fead480d5e909c37f6c476671c5e6","modified":1507598836000},{"_id":"themes/next/source/css/_common/components/tags/note-modern.styl","hash":"b7076e58d647265ee0ad2b461fe8ce72c9373bc5","modified":1507598836000},{"_id":"themes/next/source/css/_common/components/tags/tags.styl","hash":"b80604868e4f5cf20fccafd7ee415c20c804f700","modified":1507598836000},{"_id":"themes/next/source/css/_common/components/third-party/algolia-search.styl","hash":"bba4f3bdb7517cd85376df3e1209b570c0548c69","modified":1507598836000},{"_id":"themes/next/source/css/_common/components/third-party/baidushare.styl","hash":"5dbeed535d63a50265d96b396a5440f9bb31e4ba","modified":1507598836000},{"_id":"themes/next/source/css/_common/components/third-party/busuanzi-counter.styl","hash":"a6e7d698702c2e383dde3fde2abde27951679084","modified":1507598836000},{"_id":"themes/next/source/css/_common/components/third-party/gitment.styl","hash":"874278147115601d2abf15987f5f7a84ada1ac6b","modified":1507598836000},{"_id":"themes/next/source/css/_common/components/third-party/han.styl","hash":"10599e16414a8b7a76c4e79e6617b5fe3d4d1adf","modified":1507598836000},{"_id":"themes/next/source/css/_common/components/third-party/duoshuo.styl","hash":"717cc7f82be9cc151e23a7678601ff2fd3a7fa1d","modified":1507598836000},{"_id":"themes/next/source/css/_common/components/third-party/localsearch.styl","hash":"16087276945fa038f199692e3eabb1c52b8ea633","modified":1507598836000},{"_id":"themes/next/source/css/_common/components/third-party/third-party.styl","hash":"9c8196394a89dfa40b87bf0019e80144365a9c93","modified":1507598836000},{"_id":"themes/next/source/css/_common/components/third-party/jiathis.styl","hash":"15975ba7456b96916b1dbac448a1a0d2c38b8f3d","modified":1507598836000},{"_id":"themes/next/source/css/_common/components/third-party/needsharebutton.styl","hash":"28825ae15fa20ae3942cdaa7bcc1f3523ce59acc","modified":1507598836000},{"_id":"themes/next/source/css/_schemes/Mist/sidebar/sidebar-blogroll.styl","hash":"1f09be9bb38411f0629b58c3b23873589a6dbcaa","modified":1507598836000},{"_id":"themes/next/source/css/_schemes/Mist/outline/outline.styl","hash":"a07aa12cc36ac5c819670c2a3c17d07ed7a08986","modified":1507598836000},{"_id":"themes/next/source/css/_schemes/Muse/sidebar/sidebar-blogroll.styl","hash":"1f09be9bb38411f0629b58c3b23873589a6dbcaa","modified":1507598836000},{"_id":"themes/next/source/lib/Han/dist/font/han-space.otf","hash":"07436f011b44051f61b8329c99de4bec64e86f4b","modified":1507598836000},{"_id":"themes/next/source/lib/Han/dist/font/han.woff","hash":"f38ff9b2eecaa17b50b66aa2dae87e9e7436d195","modified":1507598836000},{"_id":"themes/next/source/lib/Han/dist/font/han.woff2","hash":"623af3ed5423371ac136a4fe0e8cc7bb7396037a","modified":1507598836000},{"_id":"themes/next/source/lib/Han/dist/font/han-space.woff","hash":"7a635062b10bf5662ae1d218ba0980171005d060","modified":1507598836000},{"_id":"themes/next/source/lib/Han/dist/font/han.otf","hash":"f1f6bb8f461f5672e000380195d3d2358a28494c","modified":1507598836000},{"_id":"themes/next/source/lib/fancybox/source/helpers/fancybox_buttons.png","hash":"e385b139516c6813dcd64b8fc431c364ceafe5f3","modified":1507598836000},{"_id":"themes/next/source/lib/fancybox/source/helpers/jquery.fancybox-buttons.css","hash":"6394c48092085788a8c0ef72670b0652006231a1","modified":1507598836000},{"_id":"themes/next/source/lib/fancybox/source/helpers/jquery.fancybox-thumbs.css","hash":"b88b589f5f1aa1b3d87cc7eef34c281ff749b1ae","modified":1507598836000},{"_id":"themes/next/source/lib/fancybox/source/helpers/jquery.fancybox-thumbs.js","hash":"d22b1629cb23a6181bebb70d0cf653ffe4b835c8","modified":1507598836000},{"_id":"themes/next/source/lib/fancybox/source/helpers/jquery.fancybox-buttons.js","hash":"ee948b4489aedeb548a77c9e45d8c7c5732fd62d","modified":1507598836000},{"_id":"themes/next/source/lib/fancybox/source/helpers/jquery.fancybox-media.js","hash":"51139a4c79573d372a347ef01a493222a1eaf10a","modified":1507598836000},{"_id":"themes/next/source/lib/font-awesome/fonts/FontAwesome.otf","hash":"048707bc52ac4b6563aaa383bfe8660a0ddc908c","modified":1507598836000},{"_id":"themes/next/source/lib/font-awesome/fonts/fontawesome-webfont.eot","hash":"d980c2ce873dc43af460d4d572d441304499f400","modified":1507598836000},{"_id":"themes/next/source/lib/font-awesome/fonts/fontawesome-webfont.ttf","hash":"13b1eab65a983c7a73bc7997c479d66943f7c6cb","modified":1507598836000},{"_id":"themes/next/source/lib/algolia-instant-search/instantsearch.min.js","hash":"90a1b22129efc172e2dfcceeeb76bff58bc3192f","modified":1507598836000},{"_id":"themes/next/source/lib/three/three.min.js","hash":"26273b1cb4914850a89529b48091dc584f2c57b8","modified":1507598838000},{"_id":"themes/next/source/lib/font-awesome/fonts/fontawesome-webfont.svg","hash":"b5483b11f8ba213e733b5b8af9927a04fec996f6","modified":1507598836000},{"_id":"public/sitemap.xml","hash":"620111dc30d4fe0b053f5e655be16fdce535dcda","modified":1507604425455},{"_id":"public/search.xml","hash":"e1c7a428704763356abff2952b69006198e9ff8f","modified":1507604425458},{"_id":"public/atom.xml","hash":"4f3ab515613207c236a65ad1a6c42af3c6637497","modified":1507604425459},{"_id":"public/about/index.html","hash":"bf8c58af6d8a86205b6340cc8f2c5677f49acca9","modified":1507606819939},{"_id":"public/tags/index.html","hash":"9fb552bfa20d7bb0a8e1c0111941cae81391c4ed","modified":1507606819939},{"_id":"public/categories/index.html","hash":"0e632cbaaa1677cf2c425704e2330f14ec95ecd7","modified":1507606819939},{"_id":"public/schedule/index.html","hash":"e65bde1c5d4156fb8e072acce426859338f3f267","modified":1507606819940},{"_id":"public/2017/10/10/hello-world/index.html","hash":"d8e51b2708cce389a352a2650abd376a1f119b52","modified":1507606819940},{"_id":"public/index.html","hash":"87580b5f03060429ae1c8ac8bbda310ff8090b77","modified":1507606819940},{"_id":"public/tags/日志/index.html","hash":"a727e34f6bc5e9db69a02b18d6c7462852241fbd","modified":1507606819940},{"_id":"public/archives/index.html","hash":"2a9dacb11f58006538dba519f23f9a7e72f6cad6","modified":1507606819940},{"_id":"public/archives/2017/index.html","hash":"f7de987c9a38c7aabb11b6b70046504a7bc9ca36","modified":1507606819940},{"_id":"public/archives/2017/10/index.html","hash":"9253c0de57835d796f2722ecb4c537cefff8a9bf","modified":1507606819940},{"_id":"public/images/algolia_logo.svg","hash":"45eeea0b5fba833e21e38ea10ed5ab385ceb4f01","modified":1507604425525},{"_id":"public/images/apple-touch-icon-next.png","hash":"2959dbc97f31c80283e67104fe0854e2369e40aa","modified":1507604425525},{"_id":"public/images/cc-by-nc-nd.svg","hash":"bc3588c9b2d7c68830524783120ff6cf957cf668","modified":1507604425525},{"_id":"public/images/cc-by-nc-sa.svg","hash":"6f55543d1fb9cbc436c101d24f802dec7b41efc3","modified":1507604425525},{"_id":"public/images/cc-by-nd.svg","hash":"42cd73da328077ccc92f859bb8f3cf621b3484f8","modified":1507604425526},{"_id":"public/images/cc-by-nc.svg","hash":"6f076713fb9bf934aa2c1046bdf2cf2e37bc1eab","modified":1507604425526},{"_id":"public/images/avatar.gif","hash":"264082bb3a1af70d5499c7d22b0902cb454b6d12","modified":1507604425526},{"_id":"public/images/cc-by-sa.svg","hash":"70c1535f43e54e5ff35ca81419e77e4c0c301398","modified":1507604425526},{"_id":"public/images/cc-by.svg","hash":"e92a33c32d1dac8ed94849b2b4e6456e887efe70","modified":1507604425526},{"_id":"public/images/favicon-32x32-next.png","hash":"0749d7b24b0d2fae1c8eb7f671ad4646ee1894b1","modified":1507604425526},{"_id":"public/images/favicon-16x16.ico","hash":"541fe17b78cf9be596f46c2f397530d2ecabee1f","modified":1507604425526},{"_id":"public/images/favicon-32x32.ico","hash":"3446fae20bede9ad401b4f9d0a91a601950bd348","modified":1507604425526},{"_id":"public/images/placeholder.gif","hash":"5fbd472222feb8a22cf5b8aa5dc5b8e13af88e2b","modified":1507604425526},{"_id":"public/images/cc-zero.svg","hash":"9bfb52b2f63527a7049247bf00d44e6dc1170e7d","modified":1507604425526},{"_id":"public/images/logo.svg","hash":"169f56fd82941591dad3abd734a50ec7259be950","modified":1507604425526},{"_id":"public/images/favicon-16x16-next.png","hash":"943a0d67a9cdf8c198109b28f9dbd42f761d11c3","modified":1507604425526},{"_id":"public/images/loading.gif","hash":"5fbd472222feb8a22cf5b8aa5dc5b8e13af88e2b","modified":1507604425526},{"_id":"public/images/quote-r.svg","hash":"2a2a250b32a87c69dcc1b1976c74b747bedbfb41","modified":1507604425527},{"_id":"public/images/searchicon.png","hash":"67727a6a969be0b2659b908518fa6706eed307b8","modified":1507604425527},{"_id":"public/lib/fastclick/LICENSE","hash":"6f474ea75c42442da7bbcf2e9143ce98258efd8d","modified":1507604425527},{"_id":"public/images/quote-l.svg","hash":"cd108d6f44351cadf8e6742565217f88818a0458","modified":1507604425527},{"_id":"public/lib/font-awesome/HELP-US-OUT.txt","hash":"ee33b2798b1e714b904d663436c6b3521011d1fa","modified":1507604425527},{"_id":"public/lib/fancybox/source/blank.gif","hash":"2daeaa8b5f19f0bc209d976c02bd6acb51b00b0a","modified":1507604425527},{"_id":"public/lib/fancybox/source/fancybox_loading.gif","hash":"1a755fb2599f3a313cc6cfdb14df043f8c14a99c","modified":1507604425527},{"_id":"public/lib/fancybox/source/fancybox_loading@2x.gif","hash":"273b123496a42ba45c3416adb027cd99745058b0","modified":1507604425527},{"_id":"public/lib/fancybox/source/fancybox_overlay.png","hash":"b3a4ee645ba494f52840ef8412015ba0f465dbe0","modified":1507604425527},{"_id":"public/lib/fancybox/source/fancybox_sprite@2x.png","hash":"30c58913f327e28f466a00f4c1ac8001b560aed8","modified":1507604425527},{"_id":"public/lib/fancybox/source/fancybox_sprite.png","hash":"17df19f97628e77be09c352bf27425faea248251","modified":1507604425527},{"_id":"public/lib/font-awesome/css/font-awesome.css.map","hash":"1573904b82807abbb32c97a3632c6c6808eaac50","modified":1507604425527},{"_id":"public/lib/Han/dist/font/han-space.otf","hash":"07436f011b44051f61b8329c99de4bec64e86f4b","modified":1507604425527},{"_id":"public/lib/Han/dist/font/han.woff","hash":"f38ff9b2eecaa17b50b66aa2dae87e9e7436d195","modified":1507604425528},{"_id":"public/lib/Han/dist/font/han.woff2","hash":"623af3ed5423371ac136a4fe0e8cc7bb7396037a","modified":1507604425528},{"_id":"public/lib/Han/dist/font/han.otf","hash":"f1f6bb8f461f5672e000380195d3d2358a28494c","modified":1507604425528},{"_id":"public/lib/Han/dist/font/han-space.woff","hash":"7a635062b10bf5662ae1d218ba0980171005d060","modified":1507604425528},{"_id":"public/lib/fancybox/source/helpers/fancybox_buttons.png","hash":"e385b139516c6813dcd64b8fc431c364ceafe5f3","modified":1507604425528},{"_id":"public/lib/font-awesome/fonts/fontawesome-webfont.woff2","hash":"d6f48cba7d076fb6f2fd6ba993a75b9dc1ecbf0c","modified":1507604426119},{"_id":"public/lib/font-awesome/fonts/fontawesome-webfont.woff","hash":"28b782240b3e76db824e12c02754a9731a167527","modified":1507604426126},{"_id":"public/lib/algolia-instant-search/instantsearch.min.css","hash":"90ef19edc982645b118b095615838d9c5eaba0de","modified":1507604426135},{"_id":"public/lib/canvas-nest/canvas-nest.min.js","hash":"0387e75e23b1db108a755073fe52a0d03eb391a7","modified":1507604426135},{"_id":"public/lib/canvas-ribbon/canvas-ribbon.js","hash":"7fd2f3e2773555392ef40df40cae3bedb884f17a","modified":1507604426135},{"_id":"public/lib/fastclick/README.html","hash":"da3c74d484c73cc7df565e8abbfa4d6a5a18d4da","modified":1507604426135},{"_id":"public/lib/fastclick/bower.json","hash":"4dcecf83afddba148464d5339c93f6d0aa9f42e9","modified":1507604426135},{"_id":"public/lib/font-awesome/bower.json","hash":"64394a2a9aa00f8e321d8daa5e51a420f0e96dad","modified":1507604426135},{"_id":"public/lib/needsharebutton/needsharebutton.css","hash":"3ef0020a1815ca6151ea4886cd0d37421ae3695c","modified":1507604426135},{"_id":"public/lib/jquery_lazyload/bower.json","hash":"ae3c3b61e6e7f9e1d7e3585ad854380ecc04cf53","modified":1507604426135},{"_id":"public/lib/jquery_lazyload/README.html","hash":"bde24335f6bc09d8801c0dcd7274f71b466552bd","modified":1507604426135},{"_id":"public/lib/jquery_lazyload/jquery.scrollstop.js","hash":"0e9a81785a011c98be5ea821a8ed7d411818cfd1","modified":1507604426135},{"_id":"public/lib/jquery_lazyload/jquery.lazyload.js","hash":"481fd478650e12b67c201a0ea41e92743f8b45a3","modified":1507604426135},{"_id":"public/lib/jquery_lazyload/CONTRIBUTING.html","hash":"a6358170d346af13b1452ac157b60505bec7015c","modified":1507604426135},{"_id":"public/lib/pace/pace-theme-barber-shop.min.css","hash":"ee0d51446cb4ffe1bb96bd7bc8c8e046dddfcf46","modified":1507604426135},{"_id":"public/lib/pace/pace-theme-big-counter.min.css","hash":"5b561dc328af4c4d512e20a76fe964d113a32ba8","modified":1507604426135},{"_id":"public/lib/pace/pace-theme-bounce.min.css","hash":"f6bdb9a785b7979dd8ec5c60e278af955ef1e585","modified":1507604426135},{"_id":"public/lib/pace/pace-theme-center-atom.min.css","hash":"dcf79c24fe5350fb73d8038573a104e73639e9d3","modified":1507604426136},{"_id":"public/lib/pace/pace-theme-center-simple.min.css","hash":"67f44c947548bd4d77e7590d3f59e236cbf9e98a","modified":1507604426136},{"_id":"public/lib/pace/pace-theme-center-circle.min.css","hash":"a4066769c78affbfbc5e30a600e2c7862cd532e0","modified":1507604426136},{"_id":"public/lib/pace/pace-theme-center-radar.min.css","hash":"ab7cba998bf4c03b13df342bf43647fa4f419783","modified":1507604426136},{"_id":"public/lib/pace/pace-theme-loading-bar.min.css","hash":"7ee28875dfc1230d76c537f6605766e8d4011e9f","modified":1507604426136},{"_id":"public/lib/pace/pace-theme-corner-indicator.min.css","hash":"b3c64c973f31884e3d8145989476707333406b9a","modified":1507604426136},{"_id":"public/lib/pace/pace-theme-mac-osx.min.css","hash":"9f2e7b51b084da407863826b25265b31150b3821","modified":1507604426136},{"_id":"public/lib/pace/pace-theme-fill-left.min.css","hash":"0bec1e235a4a2cccda3f993b205424e1441a44ae","modified":1507604426136},{"_id":"public/lib/pace/pace.min.js","hash":"9944dfb7814b911090e96446cea4d36e2b487234","modified":1507604426136},{"_id":"public/lib/pace/pace-theme-flash.min.css","hash":"13ace22c40312d7bbd8d9c1e50eff897a7a497d8","modified":1507604426136},{"_id":"public/lib/pace/pace-theme-minimal.min.css","hash":"9cd783cceb8a191f3c8b5d81f7a430ecc3e489d3","modified":1507604426136},{"_id":"public/lib/velocity/velocity.ui.min.js","hash":"ed5e534cd680a25d8d14429af824f38a2c7d9908","modified":1507604426136},{"_id":"public/lib/velocity/bower.json","hash":"0ef14e7ccdfba5db6eb3f8fc6aa3b47282c36409","modified":1507604426136},{"_id":"public/js/src/affix.js","hash":"978e0422b5bf1b560236d8d10ebc1adcf66392e3","modified":1507604426136},{"_id":"public/js/src/hook-duoshuo.js","hash":"a6119070c0119f33e08b29da7d2cce2635eb40a0","modified":1507604426136},{"_id":"public/js/src/bootstrap.js","hash":"034bc8113e0966fe2096ba5b56061bbf10ef0512","modified":1507604426136},{"_id":"public/js/src/algolia-search.js","hash":"b172f697ed339a24b1e80261075232978d164c35","modified":1507604426136},{"_id":"public/js/src/exturl.js","hash":"e42e2aaab7bf4c19a0c8e779140e079c6aa5c0b1","modified":1507604426136},{"_id":"public/js/src/js.cookie.js","hash":"9b37973a90fd50e71ea91682265715e45ae82c75","modified":1507604426136},{"_id":"public/js/src/motion.js","hash":"754b294394f102c8fd9423a1789ddb1201677898","modified":1507604426137},{"_id":"public/js/src/post-details.js","hash":"a13f45f7aa8291cf7244ec5ba93907d119c5dbdd","modified":1507604426137},{"_id":"public/js/src/scrollspy.js","hash":"fe4da1b9fe73518226446f5f27d2831e4426fc35","modified":1507604426137},{"_id":"public/js/src/scroll-cookie.js","hash":"09dc828cbf5f31158ff6250d2bf7c3cde6365c67","modified":1507604426137},{"_id":"public/js/src/utils.js","hash":"dbdc3d1300eec7da9632608ebc0e5b697779dad7","modified":1507604426137},{"_id":"public/lib/fancybox/source/jquery.fancybox.css","hash":"5f163444617b6cf267342f06ac166a237bb62df9","modified":1507604426137},{"_id":"public/lib/ua-parser-js/dist/ua-parser.pack.js","hash":"214dad442a92d36af77ed0ca1d9092b16687f02f","modified":1507604426137},{"_id":"public/js/src/schemes/pisces.js","hash":"8050a5b2683d1d77238c5762b6bd89c543daed6e","modified":1507604426137},{"_id":"public/lib/ua-parser-js/dist/ua-parser.min.js","hash":"38628e75e4412cc6f11074e03e1c6d257aae495b","modified":1507604426137},{"_id":"public/lib/fastclick/lib/fastclick.min.js","hash":"2cae0f5a6c5d6f3cb993015e6863f9483fc4de18","modified":1507604426137},{"_id":"public/lib/fancybox/source/helpers/jquery.fancybox-buttons.css","hash":"1a9d8e5c22b371fcc69d4dbbb823d9c39f04c0c8","modified":1507604426137},{"_id":"public/lib/fancybox/source/helpers/jquery.fancybox-media.js","hash":"3bdf69ed2469e4fb57f5a95f17300eef891ff90d","modified":1507604426137},{"_id":"public/lib/fancybox/source/helpers/jquery.fancybox-buttons.js","hash":"91e41741c2e93f732c82aaacec4cfc6e3f3ec876","modified":1507604426137},{"_id":"public/lib/fancybox/source/helpers/jquery.fancybox-thumbs.css","hash":"4ac329c16a5277592fc12a37cca3d72ca4ec292f","modified":1507604426137},{"_id":"public/lib/fancybox/source/helpers/jquery.fancybox-thumbs.js","hash":"53e194f4a72e649c04fb586dd57762b8c022800b","modified":1507604426137},{"_id":"public/css/main.css","hash":"052f9bf9831ce1111eae5374b4747c19de24db88","modified":1507604426137},{"_id":"public/lib/needsharebutton/font-embedded.css","hash":"c39d37278c1e178838732af21bd26cd0baeddfe0","modified":1507604426137},{"_id":"public/lib/needsharebutton/needsharebutton.js","hash":"9885fd9bea5e7ebafc5b1de9d17be5e106248d96","modified":1507604426137},{"_id":"public/lib/three/canvas_lines.min.js","hash":"dce4a3b65f8bf958f973690caa7ec4952f353b0c","modified":1507604426138},{"_id":"public/lib/three/three-waves.min.js","hash":"d968cba6b3a50b3626a02d67b544f349d83b147c","modified":1507604426138},{"_id":"public/lib/three/canvas_sphere.min.js","hash":"d8ea241a53c135a650f7335d2b6982b899fd58a9","modified":1507604426138},{"_id":"public/lib/velocity/velocity.ui.js","hash":"6a1d101eab3de87527bb54fcc8c7b36b79d8f0df","modified":1507604426138},{"_id":"public/lib/velocity/velocity.min.js","hash":"2f1afadc12e4cf59ef3b405308d21baa97e739c6","modified":1507604426138},{"_id":"public/lib/jquery/index.js","hash":"41b4bfbaa96be6d1440db6e78004ade1c134e276","modified":1507604426138},{"_id":"public/lib/Han/dist/han.min.js","hash":"f559c68a25065a14f47da954a7617d87263e409d","modified":1507604426138},{"_id":"public/lib/Han/dist/han.css","hash":"bd40da3fba8735df5850956814e312bd7b3193d7","modified":1507604426138},{"_id":"public/lib/Han/dist/han.min.css","hash":"a0c9e32549a8b8cf327ab9227b037f323cdb60ee","modified":1507604426138},{"_id":"public/lib/fancybox/source/jquery.fancybox.js","hash":"1cf3d47b5ccb7cb6e9019c64f2a88d03a64853e4","modified":1507604426138},{"_id":"public/lib/fastclick/lib/fastclick.js","hash":"06cef196733a710e77ad7e386ced6963f092dc55","modified":1507604426138},{"_id":"public/lib/font-awesome/css/font-awesome.css","hash":"0140952c64e3f2b74ef64e050f2fe86eab6624c8","modified":1507604426138},{"_id":"public/lib/fancybox/source/jquery.fancybox.pack.js","hash":"53360764b429c212f424399384417ccc233bb3be","modified":1507604426138},{"_id":"public/lib/font-awesome/css/font-awesome.min.css","hash":"512c7d79033e3028a9be61b540cf1a6870c896f8","modified":1507604426138},{"_id":"public/lib/Han/dist/han.js","hash":"e345397e0585c9fed1449e614ec13e0224acf2ab","modified":1507604426139},{"_id":"public/lib/velocity/velocity.js","hash":"9f08181baea0cc0e906703b7e5df9111b9ef3373","modified":1507604426139},{"_id":"public/lib/algolia-instant-search/instantsearch.min.js","hash":"9ccc6f8144f54e86df9a3fd33a18368d81cf3a4f","modified":1507604426139},{"_id":"public/lib/three/three.min.js","hash":"73f4cdc17e51a72b9bf5b9291f65386d615c483b","modified":1507604426139},{"_id":"public/lib/font-awesome/fonts/FontAwesome.otf","hash":"048707bc52ac4b6563aaa383bfe8660a0ddc908c","modified":1507604426139},{"_id":"public/lib/font-awesome/fonts/fontawesome-webfont.ttf","hash":"13b1eab65a983c7a73bc7997c479d66943f7c6cb","modified":1507604426139},{"_id":"public/lib/font-awesome/fonts/fontawesome-webfont.eot","hash":"d980c2ce873dc43af460d4d572d441304499f400","modified":1507604426139},{"_id":"public/lib/font-awesome/fonts/fontawesome-webfont.svg","hash":"b5483b11f8ba213e733b5b8af9927a04fec996f6","modified":1507604426156}],"Category":[],"Data":[],"Page":[{"title":"关于","date":"2017-10-09T09:07:58.000Z","type":"about","comments":0,"_content":"","source":"about/index.md","raw":"---\ntitle: 关于\ndate: 2017-10-09 17:07:58\ntype: \"about\"\ncomments: false\n---\n","updated":"2017-10-10T01:03:09.688Z","path":"about/index.html","layout":"page","_id":"cj8l0qu6s0000qkicc76rne09","content":"","site":{"data":{}},"excerpt":"","more":""},{"title":"标签","date":"2017-10-09T08:49:42.000Z","type":"tags","comments":0,"_content":"","source":"tags/index.md","raw":"---\ntitle: 标签\ndate: 2017-10-09 16:49:42\ntype: \"tags\"\ncomments: false\n---\n","updated":"2017-10-10T01:03:09.690Z","path":"tags/index.html","layout":"page","_id":"cj8l0qu6z0002qkicqpfs9f2p","content":"","site":{"data":{}},"excerpt":"","more":""},{"title":"分类","date":"2017-10-09T08:54:56.000Z","type":"categories","comments":0,"_content":"","source":"categories/index.md","raw":"---\ntitle: 分类\ndate: 2017-10-09 16:54:56\ntype: \"categories\"\ncomments: false\n---\n","updated":"2017-10-10T01:03:09.689Z","path":"categories/index.html","layout":"page","_id":"cj8l0qu730004qkicpsdg2xta","content":"","site":{"data":{}},"excerpt":"","more":""},{"title":"日程表","date":"2017-10-09T09:07:35.000Z","type":"schedule","comments":0,"_content":"","source":"schedule/index.md","raw":"---\ntitle: 日程表\ndate: 2017-10-09 17:07:35\ntype: \"schedule\"\ncomments: false\n---\n","updated":"2017-10-10T01:03:09.689Z","path":"schedule/index.html","layout":"page","_id":"cj8l0qu740005qkicjcyncapz","content":"","site":{"data":{}},"excerpt":"","more":""}],"Post":[{"title":"Hello World 为什么改不了语言！","copyright":true,"_content":"说好的30分钟部署呢？搞了半天才弄好，还有很多功能没有添加\nmd的语法还没学！\n\n参考这个： \nhttp://crazymilk.github.io/2015/12/28/GitHub-Pages-Hexo%E6%90%AD%E5%BB%BA%E5%8D%9A%E5%AE%A2/#more\nhttp://theme-next.iissnan.com/theme-settings.html\n\n## Quick Start\n\n### Create a new post\n\n``` bash\n$ hexo new \"My New Post\"\n```\n\nMore info: [Writing](https://hexo.io/docs/writing.html)\n\n### Run server\n\n``` bash\n$ hexo server\n```\n\nMore info: [Server](https://hexo.io/docs/server.html)\n\n### Generate static files\n\n``` bash\n$ hexo generate\n```\n\nMore info: [Generating](https://hexo.io/docs/generating.html)\n\n### Deploy to remote sites\n\n``` bash\n$ hexo deploy\n```\n\nMore info: [Deployment](https://hexo.io/docs/deployment.html)\n","source":"_posts/hello-world.md","raw":"---\ntitle: Hello World 为什么改不了语言！\ntags: 日志\ncopyright: true\n---\n说好的30分钟部署呢？搞了半天才弄好，还有很多功能没有添加\nmd的语法还没学！\n\n参考这个： \nhttp://crazymilk.github.io/2015/12/28/GitHub-Pages-Hexo%E6%90%AD%E5%BB%BA%E5%8D%9A%E5%AE%A2/#more\nhttp://theme-next.iissnan.com/theme-settings.html\n\n## Quick Start\n\n### Create a new post\n\n``` bash\n$ hexo new \"My New Post\"\n```\n\nMore info: [Writing](https://hexo.io/docs/writing.html)\n\n### Run server\n\n``` bash\n$ hexo server\n```\n\nMore info: [Server](https://hexo.io/docs/server.html)\n\n### Generate static files\n\n``` bash\n$ hexo generate\n```\n\nMore info: [Generating](https://hexo.io/docs/generating.html)\n\n### Deploy to remote sites\n\n``` bash\n$ hexo deploy\n```\n\nMore info: [Deployment](https://hexo.io/docs/deployment.html)\n","slug":"hello-world","published":1,"date":"2017-10-10T01:03:09.688Z","updated":"2017-10-10T03:00:04.569Z","comments":1,"layout":"post","photos":[],"link":"","_id":"cj8l0qu6t0001qkicfcjsjk1r","content":"<p>说好的30分钟部署呢？搞了半天才弄好，还有很多功能没有添加<br>md的语法还没学！</p>\n<p>参考这个：<br><a href=\"http://crazymilk.github.io/2015/12/28/GitHub-Pages-Hexo%E6%90%AD%E5%BB%BA%E5%8D%9A%E5%AE%A2/#more\" target=\"_blank\" rel=\"external\">http://crazymilk.github.io/2015/12/28/GitHub-Pages-Hexo%E6%90%AD%E5%BB%BA%E5%8D%9A%E5%AE%A2/#more</a><br><a href=\"http://theme-next.iissnan.com/theme-settings.html\" target=\"_blank\" rel=\"external\">http://theme-next.iissnan.com/theme-settings.html</a></p>\n<h2 id=\"Quick-Start\"><a href=\"#Quick-Start\" class=\"headerlink\" title=\"Quick Start\"></a>Quick Start</h2><h3 id=\"Create-a-new-post\"><a href=\"#Create-a-new-post\" class=\"headerlink\" title=\"Create a new post\"></a>Create a new post</h3><figure class=\"highlight bash\"><table><tr><td class=\"gutter\"><pre><div class=\"line\">1</div></pre></td><td class=\"code\"><pre><div class=\"line\">$ hexo new <span class=\"string\">\"My New Post\"</span></div></pre></td></tr></table></figure>\n<p>More info: <a href=\"https://hexo.io/docs/writing.html\" target=\"_blank\" rel=\"external\">Writing</a></p>\n<h3 id=\"Run-server\"><a href=\"#Run-server\" class=\"headerlink\" title=\"Run server\"></a>Run server</h3><figure class=\"highlight bash\"><table><tr><td class=\"gutter\"><pre><div class=\"line\">1</div></pre></td><td class=\"code\"><pre><div class=\"line\">$ hexo server</div></pre></td></tr></table></figure>\n<p>More info: <a href=\"https://hexo.io/docs/server.html\" target=\"_blank\" rel=\"external\">Server</a></p>\n<h3 id=\"Generate-static-files\"><a href=\"#Generate-static-files\" class=\"headerlink\" title=\"Generate static files\"></a>Generate static files</h3><figure class=\"highlight bash\"><table><tr><td class=\"gutter\"><pre><div class=\"line\">1</div></pre></td><td class=\"code\"><pre><div class=\"line\">$ hexo generate</div></pre></td></tr></table></figure>\n<p>More info: <a href=\"https://hexo.io/docs/generating.html\" target=\"_blank\" rel=\"external\">Generating</a></p>\n<h3 id=\"Deploy-to-remote-sites\"><a href=\"#Deploy-to-remote-sites\" class=\"headerlink\" title=\"Deploy to remote sites\"></a>Deploy to remote sites</h3><figure class=\"highlight bash\"><table><tr><td class=\"gutter\"><pre><div class=\"line\">1</div></pre></td><td class=\"code\"><pre><div class=\"line\">$ hexo deploy</div></pre></td></tr></table></figure>\n<p>More info: <a href=\"https://hexo.io/docs/deployment.html\" target=\"_blank\" rel=\"external\">Deployment</a></p>\n","site":{"data":{}},"excerpt":"","more":"<p>说好的30分钟部署呢？搞了半天才弄好，还有很多功能没有添加<br>md的语法还没学！</p>\n<p>参考这个：<br><a href=\"http://crazymilk.github.io/2015/12/28/GitHub-Pages-Hexo%E6%90%AD%E5%BB%BA%E5%8D%9A%E5%AE%A2/#more\" target=\"_blank\" rel=\"external\">http://crazymilk.github.io/2015/12/28/GitHub-Pages-Hexo%E6%90%AD%E5%BB%BA%E5%8D%9A%E5%AE%A2/#more</a><br><a href=\"http://theme-next.iissnan.com/theme-settings.html\" target=\"_blank\" rel=\"external\">http://theme-next.iissnan.com/theme-settings.html</a></p>\n<h2 id=\"Quick-Start\"><a href=\"#Quick-Start\" class=\"headerlink\" title=\"Quick Start\"></a>Quick Start</h2><h3 id=\"Create-a-new-post\"><a href=\"#Create-a-new-post\" class=\"headerlink\" title=\"Create a new post\"></a>Create a new post</h3><figure class=\"highlight bash\"><table><tr><td class=\"gutter\"><pre><div class=\"line\">1</div></pre></td><td class=\"code\"><pre><div class=\"line\">$ hexo new <span class=\"string\">\"My New Post\"</span></div></pre></td></tr></table></figure>\n<p>More info: <a href=\"https://hexo.io/docs/writing.html\" target=\"_blank\" rel=\"external\">Writing</a></p>\n<h3 id=\"Run-server\"><a href=\"#Run-server\" class=\"headerlink\" title=\"Run server\"></a>Run server</h3><figure class=\"highlight bash\"><table><tr><td class=\"gutter\"><pre><div class=\"line\">1</div></pre></td><td class=\"code\"><pre><div class=\"line\">$ hexo server</div></pre></td></tr></table></figure>\n<p>More info: <a href=\"https://hexo.io/docs/server.html\" target=\"_blank\" rel=\"external\">Server</a></p>\n<h3 id=\"Generate-static-files\"><a href=\"#Generate-static-files\" class=\"headerlink\" title=\"Generate static files\"></a>Generate static files</h3><figure class=\"highlight bash\"><table><tr><td class=\"gutter\"><pre><div class=\"line\">1</div></pre></td><td class=\"code\"><pre><div class=\"line\">$ hexo generate</div></pre></td></tr></table></figure>\n<p>More info: <a href=\"https://hexo.io/docs/generating.html\" target=\"_blank\" rel=\"external\">Generating</a></p>\n<h3 id=\"Deploy-to-remote-sites\"><a href=\"#Deploy-to-remote-sites\" class=\"headerlink\" title=\"Deploy to remote sites\"></a>Deploy to remote sites</h3><figure class=\"highlight bash\"><table><tr><td class=\"gutter\"><pre><div class=\"line\">1</div></pre></td><td class=\"code\"><pre><div class=\"line\">$ hexo deploy</div></pre></td></tr></table></figure>\n<p>More info: <a href=\"https://hexo.io/docs/deployment.html\" target=\"_blank\" rel=\"external\">Deployment</a></p>\n"}],"PostAsset":[],"PostCategory":[],"PostTag":[{"post_id":"cj8l0qu6t0001qkicfcjsjk1r","tag_id":"cj8l0qu710003qkicwa9amia9","_id":"cj8l0qu750006qkicdvj92kvt"}],"Tag":[{"name":"日志","_id":"cj8l0qu710003qkicwa9amia9"}]}}